日期,股票代码,开盘,收盘,最高,最低,成交量,成交额,振幅,涨跌幅,涨跌额,换手率
2022-04-25,000001,14.19,13.37,14.43,13.3,1664481,2527610224.0,7.75,-8.3,-1.21,0.86
2022-04-26,000001,13.4,13.25,13.5,12.97,988210,1456929632.0,3.96,-0.9,-0.12,0.51
2022-04-27,000001,13.5,14.17,14.17,13.48,1490295,2296798752.0,5.21,6.94,0.92,0.77
2022-04-28,000001,14.09,14.17,14.45,13.89,911772,1426381920.0,3.95,0.0,0.0,0.47
2022-04-29,000001,14.21,13.84,14.26,13.49,1645013,2503476832.0,5.43,-2.33,-0.33,0.85
2022-05-05,000001,13.72,13.84,13.97,13.67,790196,1208735136.0,2.17,0.0,0.0,0.41
2022-05-06,000001,13.54,13.48,13.72,13.43,832432,1250995600.0,2.1,-2.6,-0.36,0.43
2022-05-09,000001,13.46,13.07,13.46,12.98,818621,1197104240.0,3.56,-3.04,-0.41,0.42
2022-05-10,000001,13.02,13.11,13.12,12.63,992285,1425836928.0,3.75,0.31,0.04,0.51
2022-05-11,000001,13.06,13.15,13.36,12.96,848574,1240700432.0,3.05,0.31,0.04,0.44
2022-05-12,000001,13.0,12.9,13.08,12.85,685064,987061600.0,1.75,-1.9,-0.25,0.35
2022-05-13,000001,13.02,13.13,13.18,13.01,676312,985962928.0,1.32,1.78,0.23,0.35
2022-05-16,000001,13.18,12.93,13.25,12.87,668228,965652304.0,2.89,-1.52,-0.2,0.34
2022-05-17,000001,13.03,13.23,13.24,12.84,931406,1357428400.0,3.09,2.32,0.3,0.48
2022-05-18,000001,13.37,13.27,13.41,13.19,778578,1150500432.0,1.66,0.3,0.04,0.4
2022-05-19,000001,13.07,13.14,13.22,13.02,590922,863214128.0,1.51,-0.98,-0.13,0.3
2022-05-20,000001,13.22,13.54,13.56,13.19,948598,1415164704.0,2.82,3.04,0.4,0.49
2022-05-23,000001,13.59,13.35,13.59,13.28,647726,962683728.0,2.29,-1.4,-0.19,0.33
2022-05-24,000001,13.39,12.92,13.39,12.92,933557,1358693536.0,3.52,-3.22,-0.43,0.48
2022-05-25,000001,12.95,12.91,13.01,12.82,603228,866228928.0,1.47,-0.08,-0.01,0.31
2022-05-26,000001,12.93,12.71,12.95,12.59,1011318,1435689344.0,2.79,-1.55,-0.2,0.52
2022-05-27,000001,12.81,12.7,12.87,12.63,723067,1029702192.0,1.89,-0.08,-0.01,0.37
2022-05-30,000001,12.78,12.6,12.8,12.56,896901,1265573040.0,1.89,-0.79,-0.1,0.46
2022-05-31,000001,12.59,12.68,12.7,12.52,938869,1325012048.0,1.43,0.63,0.08,0.48
2022-06-01,000001,12.66,12.6,12.66,12.52,845299,1187423728.0,1.1,-0.63,-0.08,0.44
2022-06-02,000001,12.54,12.47,12.55,12.4,979268,1363740800.0,1.19,-1.03,-0.13,0.5
2022-06-06,000001,12.43,12.69,12.69,12.16,1710852,2370807616.0,4.25,1.76,0.22,0.88
2022-06-07,000001,12.54,12.68,12.77,12.51,1315113,1860366720.0,2.05,-0.08,-0.01,0.68
2022-06-08,000001,12.68,12.68,12.69,12.53,1145521,1613524960.0,1.26,0.0,0.0,0.59
2022-06-09,000001,12.66,12.87,12.98,12.62,1632901,2339986704.0,2.84,1.5,0.19,0.84
2022-06-10,000001,12.78,12.84,12.85,12.65,1346012,1914639696.0,1.55,-0.23,-0.03,0.69
2022-06-13,000001,12.7,12.43,12.71,12.4,1547753,2163340112.0,2.41,-3.19,-0.41,0.8
2022-06-14,000001,12.23,12.64,12.65,12.23,1151429,1602169904.0,3.38,1.69,0.21,0.59
2022-06-15,000001,12.62,13.26,13.63,12.58,3413544,5010292736.0,8.31,4.91,0.62,1.76
2022-06-16,000001,13.26,12.96,13.35,12.94,1332546,1939976256.0,3.09,-2.26,-0.3,0.69
2022-06-17,000001,12.84,12.97,13.05,12.72,1053788,1513925920.0,2.55,0.08,0.01,0.54
2022-06-20,000001,12.96,12.86,12.96,12.78,1032167,1479529792.0,1.39,-0.85,-0.11,0.53
2022-06-21,000001,12.86,12.89,13.15,12.75,1321794,1905346064.0,3.11,0.23,0.03,0.68
2022-06-22,000001,12.88,12.6,12.88,12.6,1056046,1498415776.0,2.17,-2.25,-0.29,0.54
2022-06-23,000001,12.61,12.72,12.75,12.58,806028,1140899088.0,1.35,0.95,0.12,0.42
2022-06-24,000001,12.72,12.75,12.77,12.63,866041,1227798688.0,1.1,0.24,0.03,0.45
2022-06-27,000001,12.76,13.01,13.08,12.74,1497278,2166380432.0,2.67,2.04,0.26,0.77
2022-06-28,000001,12.99,13.15,13.19,12.93,1125110,1638673248.0,2.0,1.08,0.14,0.58
2022-06-29,000001,13.17,13.16,13.42,13.07,1266547,1865064672.0,2.66,0.08,0.01,0.65
2022-06-30,000001,13.15,13.5,13.54,13.07,1548745,2304888688.0,3.57,2.58,0.34,0.8
2022-07-01,000001,13.52,13.44,13.59,13.36,779243,1164030784.0,1.7,-0.44,-0.06,0.4
2022-07-04,000001,13.47,13.46,13.5,13.27,834968,1241453408.0,1.71,0.15,0.02,0.43
2022-07-05,000001,13.51,13.43,13.79,13.34,1115172,1674719024.0,3.34,-0.22,-0.03,0.57
2022-07-06,000001,13.35,13.05,13.45,12.98,1043335,1520022512.0,3.5,-2.83,-0.38,0.54
2022-07-07,000001,13.06,12.94,13.17,12.9,730161,1057696544.0,2.07,-0.84,-0.11,0.38
2022-07-08,000001,13.02,13.06,13.17,12.89,639698,928850352.0,2.16,0.93,0.12,0.33
2022-07-11,000001,13.02,12.98,13.09,12.88,611692,883613760.0,1.61,-0.61,-0.08,0.32
2022-07-12,000001,12.93,12.94,13.25,12.9,742882,1078431989.61,2.7,-0.31,-0.04,0.38
2022-07-13,000001,12.94,12.49,12.99,12.41,2175996,3056913117.84,4.48,-3.48,-0.45,1.12
2022-07-14,000001,12.22,11.89,12.23,11.81,2632121,3534578702.13,3.36,-4.8,-0.6,1.36
2022-07-15,000001,12.0,11.76,12.08,11.74,1598637,2139915274.03,2.86,-1.09,-0.13,0.82
2022-07-18,000001,11.77,11.91,11.96,11.73,1153506,1536340973.2,1.96,1.28,0.15,0.59
2022-07-19,000001,11.86,11.94,11.95,11.8,755597,1008562417.24,1.26,0.25,0.03,0.39
2022-07-20,000001,11.95,11.91,11.99,11.87,801459,1073936299.76,1.01,-0.25,-0.03,0.41
2022-07-21,000001,11.84,11.53,11.86,11.51,1970388,2588696130.23,2.94,-3.19,-0.38,1.02
2022-07-22,000001,11.59,11.56,11.68,11.37,1376510,1755555714.49,2.69,0.26,0.03,0.71
2022-07-25,000001,11.55,11.57,11.6,11.42,763956,976071707.3,1.56,0.09,0.01,0.39
2022-07-26,000001,11.5,11.66,11.66,11.46,1024049,1314310442.31,1.73,0.78,0.09,0.53
2022-07-27,000001,11.6,11.54,11.63,11.48,923914,1182889760.74,1.29,-1.03,-0.12,0.48
2022-07-28,000001,11.56,11.63,11.66,11.53,750347,964903657.66,1.13,0.78,0.09,0.39
2022-07-29,000001,11.63,11.43,11.65,11.4,831497,1059518584.72,2.15,-1.72,-0.2,0.43
2022-08-01,000001,11.41,11.17,11.41,11.15,1025733,1277987010.0,2.27,-2.27,-0.26,0.53
2022-08-02,000001,10.97,11.01,11.09,10.69,1373009,1664397666.12,3.58,-1.43,-0.16,0.71
2022-08-03,000001,10.94,10.78,11.02,10.76,746137,905653324.71,2.36,-2.09,-0.23,0.38
2022-08-04,000001,10.85,10.91,10.92,10.77,602676,729351710.02,1.39,1.21,0.13,0.31
2022-08-05,000001,10.88,11.06,11.08,10.73,765298,930836354.1,3.21,1.37,0.15,0.39
2022-08-08,000001,11.0,10.95,11.11,10.91,552000,674950920.8,1.81,-0.99,-0.11,0.28
2022-08-09,000001,10.96,10.87,10.97,10.83,558448,677098632.55,1.28,-0.73,-0.08,0.29
2022-08-10,000001,10.87,10.81,10.99,10.77,683023,825806007.77,2.02,-0.55,-0.06,0.35
2022-08-11,000001,10.83,11.1,11.14,10.79,1399304,1710719478.11,3.24,2.68,0.29,0.72
2022-08-12,000001,11.01,11.13,11.16,10.95,820504,1010612433.4,1.89,0.27,0.03,0.42
2022-08-15,000001,11.04,10.86,11.11,10.84,1172010,1425087455.23,2.43,-2.43,-0.27,0.6
2022-08-16,000001,10.86,10.88,10.95,10.85,631224,765907218.72,0.92,0.18,0.02,0.33
2022-08-17,000001,10.9,11.15,11.17,10.82,1348507,1656961619.36,3.22,2.48,0.27,0.69
2022-08-18,000001,11.23,11.0,11.29,10.91,1269701,1560630567.7,3.41,-1.35,-0.15,0.65
2022-08-19,000001,11.02,11.32,11.5,10.98,2106417,2653471090.1,4.73,2.91,0.32,1.09
2022-08-22,000001,11.33,11.25,11.43,11.16,1138077,1423361878.69,2.39,-0.62,-0.07,0.59
2022-08-23,000001,11.2,11.09,11.24,11.03,921463,1137300431.45,1.87,-1.42,-0.16,0.47
2022-08-24,000001,11.08,11.15,11.29,11.08,1295375,1613309589.13,1.89,0.54,0.06,0.67
2022-08-25,000001,11.15,11.37,11.41,11.05,1064011,1329230362.32,3.23,1.97,0.22,0.55
2022-08-26,000001,11.43,11.36,11.5,11.21,927634,1168951099.46,2.55,-0.09,-0.01,0.48
2022-08-29,000001,11.25,11.17,11.31,11.06,924491,1145189174.15,2.2,-1.67,-0.19,0.48
2022-08-30,000001,11.18,11.23,11.29,11.03,799712,991447627.25,2.33,0.54,0.06,0.41
2022-08-31,000001,11.13,11.5,11.53,11.11,1653042,2091408314.78,3.74,2.4,0.27,0.85
2022-09-01,000001,11.4,11.36,11.54,11.33,861982,1092666276.97,1.83,-1.22,-0.14,0.44
2022-09-02,000001,11.37,11.26,11.44,11.18,786363,983433862.85,2.29,-0.88,-0.1,0.41
2022-09-05,000001,11.21,11.32,11.35,11.12,632040,788451088.8,2.04,0.53,0.06,0.33
2022-09-06,000001,11.33,11.25,11.41,11.18,731295,914692183.62,2.03,-0.62,-0.07,0.38
2022-09-07,000001,11.17,11.08,11.17,11.03,979813,1208329758.86,1.24,-1.51,-0.17,0.5
2022-09-08,000001,11.07,11.11,11.19,11.05,621117,768913483.55,1.26,0.27,0.03,0.32
2022-09-09,000001,11.15,11.47,11.49,11.11,1951297,2469131334.35,3.42,3.24,0.36,1.01
2022-09-13,000001,11.63,11.7,11.77,11.41,1722690,2223707380.14,3.14,2.01,0.23,0.89
2022-09-14,000001,11.5,11.48,11.62,11.45,858036,1095054828.69,1.45,-1.88,-0.22,0.44
2022-09-15,000001,11.55,11.75,11.85,11.52,1841018,2393239453.41,2.87,2.35,0.27,0.95
2022-09-16,000001,11.67,11.31,11.7,11.31,1357448,1719252822.13,3.32,-3.74,-0.44,0.7
2022-09-19,000001,11.29,11.32,11.42,11.23,632121,793491306.11,1.68,0.09,0.01,0.33
2022-09-20,000001,11.36,11.09,11.38,11.07,889989,1102212203.64,2.74,-2.03,-0.23,0.46
2022-09-21,000001,11.06,11.18,11.23,10.95,684197,845477181.51,2.52,0.81,0.09,0.35
2022-09-22,000001,11.08,11.04,11.11,11.0,586133,720058210.32,0.98,-1.25,-0.14,0.3
2022-09-23,000001,10.99,11.04,11.18,10.98,586441,722703127.68,1.81,0.0,0.0,0.3
2022-09-26,000001,10.91,10.75,11.03,10.74,903729,1094060839.05,2.63,-2.63,-0.29,0.47
2022-09-27,000001,10.75,10.9,10.91,10.56,789622,946732993.84,3.26,1.4,0.15,0.41
2022-09-28,000001,10.84,10.86,11.0,10.67,780926,946211766.9,3.03,-0.37,-0.04,0.4
2022-09-29,000001,11.0,10.61,11.03,10.57,917718,1100405198.17,4.24,-2.3,-0.25,0.47
2022-09-30,000001,10.62,10.59,10.71,10.58,537230,638906947.77,1.23,-0.19,-0.02,0.28
2022-10-10,000001,10.45,10.22,10.52,10.21,966080,1119089730.68,2.93,-3.49,-0.37,0.5
2022-10-11,000001,10.29,10.23,10.33,10.16,415253,476749226.5,1.66,0.1,0.01,0.21
2022-10-12,000001,10.2,10.35,10.37,10.1,559572,641776508.91,2.64,1.17,0.12,0.29
2022-10-13,000001,10.26,10.09,10.29,10.06,852616,970021739.4,2.22,-2.51,-0.26,0.44
2022-10-14,000001,10.2,10.28,10.38,10.15,1096062,1265486550.33,2.28,1.88,0.19,0.56
2022-10-17,000001,10.17,10.23,10.27,10.09,1024823,1171523550.16,1.75,-0.49,-0.05,0.53
2022-10-18,000001,10.3,10.23,10.39,10.21,946837,1091646643.72,1.76,0.0,0.0,0.49
2022-10-19,000001,10.17,10.04,10.24,10.03,923990,1049700767.19,2.05,-1.86,-0.19,0.48
2022-10-20,000001,9.98,9.95,10.06,9.91,781923,876967150.61,1.49,-0.9,-0.09,0.4
2022-10-21,000001,9.96,9.84,10.0,9.82,785574,876648490.61,1.81,-1.11,-0.11,0.4
2022-10-24,000001,9.84,9.37,9.85,9.36,1383391,1496043940.13,4.98,-4.78,-0.47,0.71
2022-10-25,000001,9.45,9.4,9.56,9.35,1316979,1406437766.06,2.24,0.32,0.03,0.68
2022-10-26,000001,9.39,9.41,9.48,9.36,1143830,1220733277.85,1.28,0.11,0.01,0.59
2022-10-27,000001,9.45,9.43,9.52,9.41,957383,1024868047.21,1.17,0.21,0.02,0.49
2022-10-28,000001,9.38,9.17,9.45,9.16,1057947,1114999302.11,3.08,-2.76,-0.26,0.55
2022-10-31,000001,9.08,9.09,9.2,8.97,983096,1016230012.22,2.51,-0.87,-0.08,0.51
2022-11-01,000001,9.13,9.42,9.43,9.11,1381234,1459758367.32,3.52,3.63,0.33,0.71
2022-11-02,000001,9.36,9.38,9.43,9.23,1302988,1377816220.13,2.12,-0.42,-0.04,0.67
2022-11-03,000001,9.29,9.19,9.32,9.13,983536,1028904286.04,2.03,-2.03,-0.19,0.51
2022-11-04,000001,9.15,9.57,9.6,9.14,1776112,1903720943.52,5.01,4.13,0.38,0.92
2022-11-07,000001,9.56,9.63,9.66,9.48,988082,1070554832.9,1.88,0.63,0.06,0.51
2022-11-08,000001,9.64,9.6,9.67,9.53,583222,632835804.82,1.45,-0.31,-0.03,0.3
2022-11-09,000001,9.59,9.64,9.83,9.57,832107,911153622.45,2.71,0.42,0.04,0.43
2022-11-10,000001,9.54,9.62,9.65,9.44,552021,596916589.27,2.18,-0.21,-0.02,0.28
2022-11-11,000001,9.88,10.18,10.41,9.76,2545071,2878557391.61,6.76,5.82,0.56,1.31
2022-11-14,000001,10.45,10.7,11.03,10.45,3872084,4637823413.97,5.7,5.11,0.52,2.0
2022-11-15,000001,10.61,10.76,10.93,10.58,1573901,1891249648.05,3.27,0.56,0.06,0.81
2022-11-16,000001,10.72,10.57,10.8,10.54,1278693,1519133931.85,2.42,-1.77,-0.19,0.66
2022-11-17,000001,10.56,10.44,10.59,10.33,1091047,1273790880.66,2.46,-1.23,-0.13,0.56
2022-11-18,000001,10.49,10.34,10.53,10.32,868093,1011078679.59,2.01,-0.96,-0.1,0.45
2022-11-21,000001,10.23,10.21,10.25,9.97,1047737,1189388618.26,2.71,-1.26,-0.13,0.54
2022-11-22,000001,10.21,10.57,10.68,10.19,1491324,1748727406.58,4.8,3.53,0.36,0.77
2022-11-23,000001,10.53,10.57,10.8,10.47,1247657,1483352651.73,3.12,0.0,0.0,0.64
2022-11-24,000001,10.67,10.52,10.74,10.44,796719,941002372.92,2.84,-0.47,-0.05,0.41
2022-11-25,000001,10.54,10.92,10.98,10.52,1760728,2130171604.64,4.37,3.8,0.4,0.91
2022-11-28,000001,10.65,10.56,10.67,10.44,1331563,1568351120.17,2.11,-3.3,-0.36,0.69
2022-11-29,000001,10.91,11.74,11.74,10.88,4749277,6026006641.97,8.14,11.17,1.18,2.45
2022-11-30,000001,11.65,11.78,12.09,11.57,3209628,4206404173.08,4.43,0.34,0.04,1.65
2022-12-01,000001,12.13,11.85,12.41,11.82,2002689,2658203027.2,5.01,0.59,0.07,1.03
2022-12-02,000001,11.89,11.65,11.9,11.44,1404203,1803658762.25,3.88,-1.69,-0.2,0.72
2022-12-05,000001,11.84,12.28,12.32,11.76,2287627,3057231972.57,4.81,5.41,0.63,1.18
2022-12-06,000001,12.09,12.18,12.41,12.0,1252579,1680593515.5,3.34,-0.81,-0.1,0.65
2022-12-07,000001,12.08,11.9,12.12,11.78,1377377,1815667663.45,2.79,-2.3,-0.28,0.71
2022-12-08,000001,11.9,12.11,12.27,11.87,1065723,1422047904.5,3.36,1.76,0.21,0.55
2022-12-09,000001,12.15,12.45,12.5,12.1,1615832,2197501648.81,3.3,2.81,0.34,0.83
2022-12-12,000001,12.33,11.86,12.33,11.81,1392584,1848277966.6,4.18,-4.74,-0.59,0.72
2022-12-13,000001,11.9,11.99,12.11,11.89,902285,1194285343.09,1.85,1.1,0.13,0.46
2022-12-14,000001,11.98,11.98,12.15,11.83,974061,1287867945.07,2.67,-0.08,-0.01,0.5
2022-12-15,000001,11.89,11.85,12.03,11.69,835349,1094434005.98,2.84,-1.09,-0.13,0.43
2022-12-16,000001,11.77,12.09,12.15,11.77,924252,1225269166.25,3.21,2.03,0.24,0.48
2022-12-19,000001,12.08,11.79,12.22,11.7,1030866,1355435567.16,4.3,-2.48,-0.3,0.53
2022-12-20,000001,11.72,11.51,11.83,11.42,896212,1150630681.38,3.48,-2.37,-0.28,0.46
2022-12-21,000001,11.6,11.64,11.74,11.49,614590,791782473.29,2.17,1.13,0.13,0.32
2022-12-22,000001,11.75,11.7,11.9,11.65,672394,876159828.48,2.15,0.52,0.06,0.35
2022-12-23,000001,11.6,11.73,11.81,11.55,564426,730705958.53,2.22,0.26,0.03,0.29
2022-12-26,000001,11.74,11.52,11.79,11.46,797120,1021903962.65,2.81,-1.79,-0.21,0.41
2022-12-27,000001,11.62,11.86,11.97,11.62,886004,1160090119.01,3.04,2.95,0.34,0.46
2022-12-28,000001,11.91,11.89,12.13,11.75,791192,1042402080.41,3.2,0.25,0.03,0.41
2022-12-29,000001,11.82,11.78,11.88,11.6,666890,865144967.1,2.35,-0.93,-0.11,0.34
2022-12-30,000001,11.79,11.91,12.03,11.71,818036,1074756753.75,2.72,1.1,0.13,0.42
2023-01-03,000001,11.95,12.52,12.6,11.8,2194128,2971546989.04,6.72,5.12,0.61,1.13
2023-01-04,000001,12.46,13.07,13.17,12.38,2189683,3110729449.03,6.31,4.39,0.55,1.13
2023-01-05,000001,13.15,13.23,13.49,13.12,1665425,2417272355.99,2.83,1.22,0.16,0.86
2023-01-06,000001,13.25,13.37,13.47,13.23,1195745,1747915169.26,1.81,1.06,0.14,0.62
2023-01-09,000001,13.5,13.55,13.63,13.27,1057659,1561368487.3,2.69,1.35,0.18,0.55
2023-01-10,000001,13.51,13.19,13.64,13.14,1269423,1851093716.76,3.69,-2.66,-0.36,0.65
2023-01-11,000001,13.2,13.42,13.53,13.14,830566,1217450811.64,2.96,1.74,0.23,0.43
2023-01-12,000001,13.52,13.42,13.52,13.28,625695,914367699.65,1.79,0.0,0.0,0.32
2023-01-13,000001,13.42,13.7,13.7,13.3,949086,1407181074.29,2.98,2.09,0.28,0.49
2023-01-16,000001,13.7,13.83,14.03,13.6,1560040,2356399992.83,3.14,0.95,0.13,0.8
2023-01-17,000001,13.88,13.72,13.93,13.52,935835,1396151514.52,2.96,-0.8,-0.11,0.48
2023-01-18,000001,13.7,13.86,13.93,13.66,718434,1083362997.53,1.97,1.02,0.14,0.37
2023-01-19,000001,13.88,13.84,14.0,13.62,641875,963744633.47,2.74,-0.14,-0.02,0.33
2023-01-20,000001,13.91,13.88,13.99,13.75,608590,920144805.73,1.73,0.29,0.04,0.31
2023-01-30,000001,14.35,13.9,14.49,13.64,1374318,2096867649.37,6.12,0.14,0.02,0.71
2023-01-31,000001,13.99,13.74,14.26,13.71,1030498,1568639326.21,3.96,-1.15,-0.16,0.53
2023-02-01,000001,13.78,13.45,13.83,13.26,1653421,2426471972.52,4.15,-2.11,-0.29,0.85
2023-02-02,000001,13.49,13.35,13.53,13.02,1577900,2280744883.13,3.79,-0.74,-0.1,0.81
2023-02-03,000001,13.2,13.07,13.3,12.91,1246383,1782105890.79,2.92,-2.1,-0.28,0.64
2023-02-06,000001,12.85,12.75,12.88,12.61,1317610,1838428709.03,2.07,-2.45,-0.32,0.68
2023-02-07,000001,12.81,12.96,13.07,12.78,869460,1235297762.54,2.27,1.65,0.21,0.45
2023-02-08,000001,12.99,12.79,13.07,12.78,657893,928708933.85,2.24,-1.31,-0.17,0.34
2023-02-09,000001,12.76,12.88,13.05,12.71,830350,1174361963.28,2.66,0.7,0.09,0.43
2023-02-10,000001,12.85,12.73,12.87,12.61,847284,1184283386.2,2.02,-1.16,-0.15,0.44
2023-02-13,000001,12.69,12.57,12.69,12.35,1800054,2473405202.92,2.67,-1.26,-0.16,0.93
2023-02-14,000001,12.6,12.71,12.73,12.55,909937,1263892077.72,1.43,1.11,0.14,0.47
2023-02-15,000001,12.7,12.42,12.71,12.37,1250244,1713566672.72,2.68,-2.28,-0.29,0.64
2023-02-16,000001,12.43,12.35,12.66,12.25,1279123,1757431083.85,3.3,-0.56,-0.07,0.66
2023-02-17,000001,12.38,12.18,12.47,12.18,918364,1246777397.11,2.35,-1.38,-0.17,0.47
2023-02-20,000001,12.25,12.9,12.9,12.24,2116191,2945969773.39,5.42,5.91,0.72,1.09
2023-02-21,000001,12.81,12.85,12.95,12.67,990495,1393153377.3,2.17,-0.39,-0.05,0.51
2023-02-22,000001,12.75,12.77,12.87,12.69,638922,895742534.31,1.4,-0.62,-0.08,0.33
2023-02-23,000001,12.75,12.8,13.07,12.73,824491,1165539851.19,2.66,0.23,0.03,0.42
2023-02-24,000001,12.77,12.61,12.78,12.55,729989,1012652971.88,1.8,-1.48,-0.19,0.38
2023-02-27,000001,12.5,12.44,12.63,12.43,621462,854854040.54,1.59,-1.35,-0.17,0.32
2023-02-28,000001,12.5,12.53,12.6,12.36,607936,833316018.45,1.93,0.72,0.09,0.31
2023-03-01,000001,12.55,12.92,12.94,12.49,1223452,1719710647.06,3.59,3.11,0.39,0.63
2023-03-02,000001,12.88,12.99,13.19,12.81,1015877,1447565979.98,2.94,0.54,0.07,0.52
2023-03-03,000001,13.1,13.04,13.12,12.89,690954,985552120.63,1.77,0.38,0.05,0.36
2023-03-06,000001,13.05,12.6,13.05,12.47,1455824,2023954547.2,4.45,-3.37,-0.44,0.75
2023-03-07,000001,12.6,12.44,12.85,12.4,1279266,1773654737.03,3.57,-1.27,-0.16,0.66
2023-03-08,000001,12.38,12.28,12.39,12.15,1096898,1479838980.07,1.93,-1.29,-0.16,0.57
2023-03-09,000001,12.29,11.95,12.33,11.88,1736065,2305765842.21,3.66,-2.69,-0.33,0.89
2023-03-10,000001,11.75,11.89,12.02,11.75,856996,1128558359.5,2.26,-0.5,-0.06,0.44
2023-03-13,000001,11.87,11.8,12.04,11.75,1000635,1309490079.38,2.44,-0.76,-0.09,0.52
2023-03-14,000001,11.74,11.62,11.75,11.48,1149076,1474124198.86,2.29,-1.53,-0.18,0.59
2023-03-15,000001,11.8,11.8,11.93,11.69,979364,1278262225.47,2.07,1.55,0.18,0.5
2023-03-16,000001,11.64,11.57,11.78,11.55,916792,1182054433.62,1.95,-1.95,-0.23,0.47
2023-03-17,000001,11.74,11.5,11.79,11.4,1556814,2000832407.83,3.37,-0.61,-0.07,0.8
2023-03-20,000001,11.51,11.32,11.6,11.3,1188816,1505893658.68,2.61,-1.57,-0.18,0.61
2023-03-21,000001,11.4,11.45,11.53,11.25,840743,1060914056.37,2.47,1.15,0.13,0.43
2023-03-22,000001,11.5,11.54,11.63,11.46,876691,1121080753.38,1.48,0.79,0.09,0.45
2023-03-23,000001,11.45,11.65,11.65,11.38,804306,1029380497.27,2.34,0.95,0.11,0.41
2023-03-24,000001,11.6,11.57,11.61,11.51,621519,796319541.97,0.86,-0.69,-0.08,0.32
2023-03-27,000001,11.55,11.35,11.56,11.21,1008422,1266945056.03,3.03,-1.9,-0.22,0.52
2023-03-28,000001,11.41,11.39,11.48,11.3,673868,851797868.56,1.59,0.35,0.04,0.35
2023-03-29,000001,11.48,11.28,11.49,11.25,596064,750687550.55,2.11,-0.97,-0.11,0.31
2023-03-30,000001,11.3,11.43,11.46,11.16,824546,1035422932.01,2.66,1.33,0.15,0.42
2023-03-31,000001,11.44,11.28,11.52,11.26,865492,1092263436.9,2.27,-1.31,-0.15,0.45
2023-04-03,000001,11.3,11.42,11.44,11.21,740429,934285179.24,2.04,1.24,0.14,0.38
2023-04-04,000001,11.39,11.4,11.47,11.34,647457,817726526.95,1.14,-0.18,-0.02,0.33
2023-04-06,000001,11.35,11.33,11.36,11.25,563321,706480659.58,0.96,-0.61,-0.07,0.29
2023-04-07,000001,11.32,11.37,11.44,11.25,607925,767354796.52,1.68,0.35,0.04,0.31
2023-04-10,000001,11.39,11.43,11.45,11.33,640182,809943147.62,1.06,0.53,0.06,0.33
2023-04-11,000001,11.45,11.29,11.47,11.27,777780,978302907.79,1.75,-1.22,-0.14,0.4
2023-04-12,000001,11.33,11.23,11.34,11.2,909957,1136997696.14,1.24,-0.53,-0.06,0.47
2023-04-13,000001,11.16,11.31,11.42,11.05,1131591,1413919037.13,3.29,0.71,0.08,0.58
2023-04-14,000001,11.35,11.44,11.65,11.33,1297995,1653539530.91,2.83,1.15,0.13,0.67
2023-04-17,000001,11.41,11.68,11.69,11.35,1304213,1669357649.18,2.97,2.1,0.24,0.67
2023-04-18,000001,11.68,11.75,11.95,11.64,1538936,2009934874.59,2.65,0.6,0.07,0.79
2023-04-19,000001,11.77,11.6,11.82,11.58,1014378,1309536001.8,2.04,-1.28,-0.15,0.52
2023-04-20,000001,11.65,11.5,11.65,11.37,811788,1033330703.78,2.41,-0.86,-0.1,0.42
2023-04-21,000001,11.45,11.25,11.58,11.23,918668,1160509766.03,3.04,-2.17,-0.25,0.47
2023-04-24,000001,11.23,10.85,11.25,10.78,1467672,1798133966.92,4.18,-3.56,-0.4,0.76
2023-04-25,000001,10.89,11.03,11.12,10.87,1301901,1595320169.74,2.3,1.66,0.18,0.67
2023-04-26,000001,11.0,10.87,11.0,10.74,991260,1197555724.16,2.36,-1.45,-0.16,0.51
2023-04-27,000001,10.81,11.01,11.1,10.75,1004093,1222755932.37,3.22,1.29,0.14,0.52
2023-04-28,000001,11.01,11.3,11.53,10.97,1445254,1816868032.98,5.09,2.63,0.29,0.74
2023-05-04,000001,11.15,11.48,11.58,10.94,1478264,1863146144.16,5.66,1.59,0.18,0.76
2023-05-05,000001,11.53,11.66,11.86,11.5,1762189,2283981032.07,3.14,1.57,0.18,0.91
2023-05-08,000001,11.69,12.07,12.24,11.59,2630719,3478891629.35,5.57,3.52,0.41,1.36
2023-05-09,000001,12.15,11.91,12.35,11.88,2422534,3238716470.97,3.89,-1.33,-0.16,1.25
2023-05-10,000001,11.92,11.59,12.01,11.55,1237053,1600189994.17,3.86,-2.69,-0.32,0.64
2023-05-11,000001,11.7,11.6,11.87,11.55,903758,1166479364.89,2.76,0.09,0.01,0.47
2023-05-12,000001,11.57,11.37,11.62,11.36,885604,1124579090.54,2.24,-1.98,-0.23,0.46
2023-05-15,000001,11.43,11.58,11.6,11.2,928326,1173804243.15,3.52,1.85,0.21,0.48
2023-05-16,000001,11.55,11.37,11.67,11.32,998302,1267712090.05,3.02,-1.81,-0.21,0.51
2023-05-17,000001,11.33,11.24,11.39,11.19,754621,945315193.07,1.76,-1.14,-0.13,0.39
2023-05-18,000001,11.32,11.24,11.39,11.18,687187,861347534.32,1.87,0.0,0.0,0.35
2023-05-19,000001,11.18,11.09,11.19,11.07,688414,851165593.52,1.07,-1.33,-0.15,0.35
2023-05-22,000001,11.06,11.13,11.2,11.06,549328,679754868.04,1.26,0.36,0.04,0.28
2023-05-23,000001,11.13,10.96,11.16,10.96,694364,852871175.23,1.8,-1.53,-0.17,0.36
2023-05-24,000001,10.95,10.76,10.96,10.76,824251,996600577.63,1.82,-1.82,-0.2,0.42
2023-05-25,000001,10.74,10.68,10.75,10.56,882744,1050002541.88,1.77,-0.74,-0.08,0.45
2023-05-26,000001,10.68,10.85,10.88,10.59,511429,613772897.17,2.72,1.59,0.17,0.26
2023-05-29,000001,10.86,10.73,10.88,10.7,566074,680275577.83,1.66,-1.11,-0.12,0.29
2023-05-30,000001,10.73,10.62,10.74,10.55,763997,906316373.61,1.77,-1.03,-0.11,0.39
2023-05-31,000001,10.57,10.35,10.59,10.33,1179587,1376758356.68,2.45,-2.54,-0.27,0.61
2023-06-01,000001,10.35,10.34,10.43,10.25,743023,861646489.19,1.74,-0.1,-0.01,0.38
2023-06-02,000001,10.43,10.68,10.72,10.39,1221843,1446502669.25,3.19,3.29,0.34,0.63
2023-06-05,000001,10.63,10.66,10.75,10.57,521846,620531416.42,1.69,-0.19,-0.02,0.27
2023-06-06,000001,10.66,10.59,10.84,10.57,833273,997039311.52,2.53,-0.66,-0.07,0.43
2023-06-07,000001,10.64,10.69,10.82,10.63,643698,770386878.47,1.79,0.94,0.1,0.33
2023-06-08,000001,10.71,10.87,10.95,10.61,869397,1048266235.89,3.18,1.68,0.18,0.45
2023-06-09,000001,10.81,10.63,10.84,10.6,1315285,1566929273.97,2.21,-2.21,-0.24,0.68
2023-06-12,000001,10.57,10.54,10.65,10.51,758747,896015708.76,1.32,-0.85,-0.09,0.39
2023-06-13,000001,10.51,10.52,10.59,10.44,849988,1000183566.92,1.42,-0.19,-0.02,0.44
2023-06-14,000001,10.59,10.51,10.77,10.5,1069200,1237376775.64,2.57,-0.1,-0.01,0.55
2023-06-15,000001,10.53,10.65,10.67,10.43,925301,1064567231.22,2.28,1.33,0.14,0.48
2023-06-16,000001,10.65,10.67,10.71,10.61,842034,978869317.29,0.94,0.19,0.02,0.43
2023-06-19,000001,10.67,10.49,10.67,10.45,953997,1096351096.71,2.06,-1.69,-0.18,0.49
2023-06-20,000001,10.48,10.4,10.5,10.39,544551,620374307.69,1.05,-0.86,-0.09,0.28
2023-06-21,000001,10.4,10.39,10.52,10.38,616583,703681563.97,1.35,-0.1,-0.01,0.32
2023-06-26,000001,10.34,10.22,10.34,10.19,676577,757975991.51,1.44,-1.64,-0.17,0.35
2023-06-27,000001,10.24,10.32,10.36,10.21,461702,519520687.33,1.47,0.98,0.1,0.24
2023-06-28,000001,10.32,10.34,10.37,10.26,365396,412039353.93,1.07,0.19,0.02,0.19
2023-06-29,000001,10.33,10.22,10.33,10.21,485906,544534825.51,1.16,-1.16,-0.12,0.25
2023-06-30,000001,10.22,10.27,10.35,10.19,519053,583494654.79,1.57,0.49,0.05,0.27
2023-07-03,000001,10.28,10.53,10.57,10.27,885091,1009887428.65,2.92,2.53,0.26,0.46
2023-07-04,000001,10.5,10.44,10.53,10.36,616301,701885269.78,1.61,-0.85,-0.09,0.32
2023-07-05,000001,10.4,10.38,10.44,10.34,423482,479726282.47,0.96,-0.57,-0.06,0.22
2023-07-06,000001,10.34,10.28,10.38,10.25,597096,672396816.4,1.25,-0.96,-0.1,0.31
2023-07-07,000001,10.24,10.24,10.31,10.22,484441,543212455.87,0.88,-0.39,-0.04,0.25
2023-07-10,000001,10.29,10.24,10.32,10.21,495882,556581581.65,1.07,0.0,0.0,0.26
2023-07-11,000001,10.26,10.25,10.3,10.23,570809,640131787.1,0.68,0.1,0.01,0.29
2023-07-12,000001,10.27,10.28,10.4,10.26,736084,830230820.88,1.37,0.29,0.03,0.38
2023-07-13,000001,10.36,10.47,10.51,10.31,1124230,1281848378.91,1.95,1.85,0.19,0.58
2023-07-14,000001,10.47,10.5,10.59,10.44,719147,825295738.24,1.43,0.29,0.03,0.37
2023-07-17,000001,10.45,10.35,10.45,10.3,608343,687262893.86,1.43,-1.43,-0.15,0.31
2023-07-18,000001,10.33,10.29,10.36,10.26,471966,531299772.68,0.97,-0.58,-0.06,0.24
2023-07-19,000001,10.27,10.35,10.36,10.27,382196,430771279.03,0.87,0.58,0.06,0.2
2023-07-20,000001,10.37,10.36,10.48,10.33,554070,629696111.29,1.45,0.1,0.01,0.29
2023-07-21,000001,10.35,10.38,10.43,10.32,377103,427375950.49,1.06,0.19,0.02,0.19
2023-07-24,000001,10.37,10.3,10.37,10.28,426852,480713395.7,0.87,-0.77,-0.08,0.22
2023-07-25,000001,10.49,10.76,10.77,10.48,2032958,2358815159.63,2.82,4.47,0.46,1.05
2023-07-26,000001,10.69,10.71,10.78,10.6,751663,875260135.14,1.67,-0.46,-0.05,0.39
2023-07-27,000001,10.72,10.79,10.91,10.69,1115196,1314228293.84,2.05,0.75,0.08,0.57
2023-07-28,000001,10.73,11.3,11.34,10.71,2347013,2839828236.62,5.84,4.73,0.51,1.21
2023-07-31,000001,11.34,11.36,11.54,11.27,1854952,2288940410.58,2.39,0.53,0.06,0.96
2023-08-01,000001,11.3,11.2,11.41,11.17,957735,1169570704.83,2.11,-1.41,-0.16,0.49
2023-08-02,000001,11.1,11.07,11.28,10.97,1115900,1343864165.36,2.77,-1.16,-0.13,0.58
2023-08-03,000001,11.03,11.37,11.41,10.99,1175848,1433255493.11,3.79,2.71,0.3,0.61
2023-08-04,000001,11.46,11.34,11.57,11.25,1303131,1611435431.36,2.81,-0.26,-0.03,0.67
2023-08-07,000001,11.25,11.2,11.29,11.16,646913,786506452.16,1.15,-1.23,-0.14,0.33
2023-08-08,000001,11.16,11.14,11.25,11.04,725705,877489187.97,1.88,-0.54,-0.06,0.37
2023-08-09,000001,11.1,11.21,11.24,11.09,577608,702060796.64,1.35,0.63,0.07,0.3
2023-08-10,000001,11.19,11.2,11.25,11.1,475595,577123919.68,1.34,-0.09,-0.01,0.25
2023-08-11,000001,11.21,10.93,11.31,10.93,943539,1132867239.31,3.39,-2.41,-0.27,0.49
2023-08-14,000001,10.8,10.71,10.82,10.63,975920,1139185249.46,1.74,-2.01,-0.22,0.5
2023-08-15,000001,10.73,10.77,10.84,10.64,712813,834163039.6,1.87,0.56,0.06,0.37
2023-08-16,000001,10.71,10.77,10.89,10.65,572904,671706045.36,2.23,0.0,0.0,0.3
2023-08-17,000001,10.71,10.61,10.74,10.5,965058,1116292661.67,2.23,-1.49,-0.16,0.5
2023-08-18,000001,10.62,10.6,10.78,10.57,659819,767047286.89,1.98,-0.09,-0.01,0.34
2023-08-21,000001,10.6,10.36,10.62,10.36,701498,799641423.76,2.45,-2.26,-0.24,0.36
2023-08-22,000001,10.42,10.41,10.49,10.35,606808,689991238.06,1.35,0.48,0.05,0.31
2023-08-23,000001,10.39,10.29,10.46,10.28,691810,783102827.23,1.73,-1.15,-0.12,0.36
2023-08-24,000001,10.33,10.17,10.36,10.09,1291271,1439197083.69,2.62,-1.17,-0.12,0.67
2023-08-25,000001,10.14,10.27,10.37,10.12,845350,946760250.6,2.46,0.98,0.1,0.44
2023-08-28,000001,10.88,10.56,10.97,10.53,1997610,2336205800.56,4.28,2.82,0.29,1.03
2023-08-29,000001,10.51,10.35,10.53,10.17,1964961,2217588610.12,3.41,-1.99,-0.21,1.01
2023-08-30,000001,10.31,10.17,10.31,10.17,1375638,1537573550.57,1.35,-1.74,-0.18,0.71
2023-08-31,000001,10.18,10.17,10.26,10.16,806474,900123574.83,0.98,0.0,0.0,0.42
2023-09-01,000001,10.23,10.36,10.4,10.23,1138705,1285169019.19,1.67,1.87,0.19,0.59
2023-09-04,000001,10.39,10.6,10.63,10.37,1410029,1621769196.4,2.51,2.32,0.24,0.73
2023-09-05,000001,10.54,10.43,10.55,10.4,804177,917888858.57,1.42,-1.6,-0.17,0.41
2023-09-06,000001,10.37,10.47,10.5,10.34,634841,721905681.98,1.53,0.38,0.04,0.33
2023-09-07,000001,10.44,10.37,10.48,10.36,540042,613812175.91,1.15,-0.96,-0.1,0.28
2023-09-08,000001,10.32,10.31,10.36,10.27,479030,539624962.82,0.87,-0.58,-0.06,0.25
2023-09-11,000001,10.34,10.38,10.44,10.31,654486,741764911.22,1.26,0.68,0.07,0.34
2023-09-12,000001,10.39,10.32,10.39,10.29,495485,559058535.52,0.96,-0.58,-0.06,0.26
2023-09-13,000001,10.33,10.29,10.36,10.25,490218,551747627.68,1.07,-0.29,-0.03,0.25
2023-09-14,000001,10.32,10.33,10.37,10.29,551650,622906052.62,0.78,0.39,0.04,0.28
2023-09-15,000001,10.39,10.26,10.44,10.24,890476,1005529160.77,1.94,-0.68,-0.07,0.46
2023-09-18,000001,10.26,10.27,10.28,10.18,501325,561449769.63,0.97,0.1,0.01,0.26
2023-09-19,000001,10.26,10.25,10.27,10.2,503664,564044044.21,0.68,-0.19,-0.02,0.26
2023-09-20,000001,10.24,10.19,10.26,10.19,558872,624785494.94,0.68,-0.59,-0.06,0.29
2023-09-21,000001,10.18,10.09,10.18,10.08,843930,934673193.87,0.98,-0.98,-0.1,0.43
2023-09-22,000001,10.07,10.28,10.29,10.07,911484,1017137921.82,2.18,1.88,0.19,0.47
2023-09-25,000001,10.28,10.26,10.36,10.23,761211,856022502.11,1.26,-0.19,-0.02,0.39
2023-09-26,000001,10.26,10.2,10.3,10.18,444980,497885810.84,1.17,-0.58,-0.06,0.23
2023-09-27,000001,10.19,10.21,10.26,10.19,490311,547905820.77,0.69,0.1,0.01,0.25
2023-09-28,000001,10.23,10.24,10.28,10.22,520697,583649730.04,0.59,0.29,0.03,0.27
2023-10-09,000001,10.2,10.15,10.21,10.1,695828,772959353.15,1.07,-0.88,-0.09,0.36
2023-10-10,000001,10.23,10.06,10.24,10.06,820749,910160341.9,1.77,-0.89,-0.09,0.42
2023-10-11,000001,10.13,10.02,10.13,10.0,724116,797663827.0,1.29,-0.4,-0.04,0.37
2023-10-12,000001,10.15,10.15,10.2,10.08,853058,947562324.75,1.2,1.3,0.13,0.44
2023-10-13,000001,10.07,10.04,10.11,9.99,684483,753110725.51,1.18,-1.08,-0.11,0.35
2023-10-16,000001,10.04,10.05,10.07,9.99,501624,550988719.63,0.8,0.1,0.01,0.26
2023-10-17,000001,10.05,10.06,10.09,10.0,493525,543170900.73,0.9,0.1,0.01,0.25
2023-10-18,000001,10.03,9.99,10.06,9.95,651825,713979896.11,1.09,-0.7,-0.07,0.34
2023-10-19,000001,9.95,9.64,9.96,9.63,1188961,1271914676.53,3.3,-3.5,-0.35,0.61
2023-10-20,000001,9.59,9.64,9.71,9.55,526139,557618632.37,1.66,0.0,0.0,0.27
2023-10-23,000001,9.63,9.54,9.64,9.47,530404,557032228.65,1.76,-1.04,-0.1,0.27
2023-10-24,000001,9.58,9.59,9.65,9.48,760653,801528403.67,1.78,0.52,0.05,0.39
2023-10-25,000001,9.55,9.42,9.58,9.4,1411450,1470971923.59,1.88,-1.77,-0.17,0.73
2023-10-26,000001,9.35,9.45,9.46,9.34,599991,621915276.9,1.27,0.32,0.03,0.31
2023-10-27,000001,9.42,9.49,9.52,9.37,919771,957587534.43,1.59,0.42,0.04,0.47
2023-10-30,000001,9.44,9.49,9.51,9.39,805690,837646002.04,1.26,0.0,0.0,0.42
2023-10-31,000001,9.47,9.5,9.53,9.45,652855,682212137.64,0.84,0.11,0.01,0.34
2023-11-01,000001,9.59,9.52,9.6,9.49,567300,595211885.0,1.16,0.21,0.02,0.29
2023-11-02,000001,9.54,9.52,9.64,9.51,619430,652316669.93,1.37,0.0,0.0,0.32
2023-11-03,000001,9.53,9.52,9.56,9.47,705463,738879704.3,0.95,0.0,0.0,0.36
2023-11-06,000001,9.55,9.73,9.73,9.55,1007062,1069206837.68,1.89,2.21,0.21,0.52
2023-11-07,000001,9.7,9.64,9.7,9.62,640866,679815569.19,0.82,-0.92,-0.09,0.33
2023-11-08,000001,9.62,9.54,9.64,9.49,877819,923622008.11,1.56,-1.04,-0.1,0.45
2023-11-09,000001,9.5,9.53,9.56,9.47,639136,669639052.44,0.94,-0.1,-0.01,0.33
2023-11-10,000001,9.49,9.34,9.51,9.33,1045044,1080649733.98,1.89,-1.99,-0.19,0.54
2023-11-13,000001,9.35,9.29,9.37,9.26,770043,789007117.83,1.18,-0.54,-0.05,0.4
2023-11-14,000001,9.28,9.31,9.37,9.27,596859,613377697.97,1.08,0.22,0.02,0.31
2023-11-15,000001,9.41,9.41,9.49,9.38,1109140,1152154780.34,1.18,1.07,0.1,0.57
2023-11-16,000001,9.42,9.28,9.43,9.27,922622,948395097.33,1.7,-1.38,-0.13,0.48
2023-11-17,000001,9.26,9.19,9.29,9.16,903362,917616681.28,1.4,-0.97,-0.09,0.47
2023-11-20,000001,9.19,9.23,9.26,9.14,639528,650077370.01,1.31,0.44,0.04,0.33
2023-11-21,000001,9.27,9.32,9.39,9.26,1041166,1072311504.28,1.41,0.98,0.09,0.54
2023-11-22,000001,9.3,9.2,9.35,9.18,737490,753064757.94,1.82,-1.29,-0.12,0.38
2023-11-23,000001,9.19,9.19,9.2,9.11,846656,855904311.98,0.98,-0.11,-0.01,0.44
2023-11-24,000001,9.15,9.14,9.17,9.12,684695,691423444.34,0.54,-0.54,-0.05,0.35
2023-11-27,000001,9.13,9.05,9.13,9.01,836188,836268368.75,1.31,-0.98,-0.09,0.43
2023-11-28,000001,9.03,8.99,9.06,8.99,786175,784405804.65,0.77,-0.66,-0.06,0.41
2023-11-29,000001,8.99,8.76,9.01,8.74,1467597,1438320264.11,3.0,-2.56,-0.23,0.76
2023-11-30,000001,8.73,8.72,8.77,8.66,901765,871481712.43,1.26,-0.46,-0.04,0.46
2023-12-01,000001,8.69,8.7,8.72,8.62,778057,749668363.85,1.15,-0.23,-0.02,0.4
2023-12-04,000001,8.71,8.67,8.72,8.65,605438,583664338.41,0.8,-0.34,-0.03,0.31
2023-12-05,000001,8.65,8.52,8.66,8.51,787378,750961219.91,1.73,-1.73,-0.15,0.41
2023-12-06,000001,8.48,8.54,8.61,8.44,753056,714029468.7,2.0,0.23,0.02,0.39
2023-12-07,000001,8.53,8.48,8.53,8.42,585380,552224831.17,1.29,-0.7,-0.06,0.3
2023-12-08,000001,8.45,8.34,8.49,8.34,1021152,957664580.59,1.77,-1.65,-0.14,0.53
2023-12-11,000001,8.26,8.39,8.42,8.17,1133663,1044765734.9,3.0,0.6,0.05,0.58
2023-12-12,000001,8.35,8.46,8.54,8.34,855016,805067628.46,2.38,0.83,0.07,0.44
2023-12-13,000001,8.42,8.2,8.43,8.19,1061302,981001231.48,2.84,-3.07,-0.26,0.55
2023-12-14,000001,8.25,8.19,8.32,8.19,742901,683211465.8,1.59,-0.12,-0.01,0.38
2023-12-15,000001,8.24,8.25,8.39,8.23,988939,915126127.17,1.95,0.73,0.06,0.51
2023-12-18,000001,8.22,8.17,8.28,8.13,654426,599379044.02,1.82,-0.97,-0.08,0.34
2023-12-19,000001,8.16,8.14,8.21,8.11,644071,586716664.28,1.22,-0.37,-0.03,0.33
2023-12-20,000001,8.15,8.07,8.19,8.07,715634,650511342.87,1.47,-0.86,-0.07,0.37
2023-12-21,000001,8.05,8.21,8.23,8.03,1017047,925407072.91,2.48,1.73,0.14,0.52
2023-12-22,000001,8.23,8.24,8.32,8.15,1005645,924998769.19,2.07,0.37,0.03,0.52
2023-12-25,000001,8.22,8.23,8.24,8.18,413971,379638233.73,0.73,-0.12,-0.01,0.21
2023-12-26,000001,8.23,8.14,8.24,8.11,541896,493746622.76,1.58,-1.09,-0.09,0.28
2023-12-27,000001,8.14,8.16,8.17,8.06,641534,582036660.68,1.35,0.25,0.02,0.33
2023-12-28,000001,8.15,8.49,8.51,8.12,1661592,1550256590.59,4.78,4.04,0.33,0.86
2023-12-29,000001,8.46,8.43,8.52,8.39,853853,803196743.82,1.53,-0.71,-0.06,0.44
2024-01-02,000001,8.43,8.25,8.46,8.25,1158366,1075742252.45,2.49,-2.14,-0.18,0.6
2024-01-03,000001,8.23,8.24,8.26,8.19,733610,673673613.54,0.85,-0.12,-0.01,0.38
2024-01-04,000001,8.23,8.15,8.23,8.12,864194,787470082.37,1.33,-1.09,-0.09,0.45
2024-01-05,000001,8.14,8.31,8.48,8.11,1991622,1852659692.14,4.54,1.96,0.16,1.03
2024-01-08,000001,8.27,8.19,8.34,8.15,1121156,1029006548.73,2.29,-1.44,-0.12,0.58
2024-01-09,000001,8.2,8.22,8.23,8.13,766194,700375720.2,1.22,0.37,0.03,0.39
2024-01-10,000001,8.2,8.13,8.23,8.13,858621,783771150.01,1.22,-1.09,-0.09,0.44
2024-01-11,000001,8.12,8.21,8.26,8.07,934686,853890237.29,2.34,0.98,0.08,0.48
2024-01-12,000001,8.17,8.23,8.31,8.15,772582,711018266.07,1.95,0.24,0.02,0.4
2024-01-15,000001,8.2,8.25,8.33,8.17,745133,685950951.45,1.94,0.24,0.02,0.38
2024-01-16,000001,8.23,8.38,8.39,8.2,1438313,1334465408.53,2.3,1.58,0.13,0.74
2024-01-17,000001,8.37,8.27,8.43,8.27,1482296,1380725065.03,1.91,-1.31,-0.11,0.76
2024-01-18,000001,8.25,8.24,8.28,8.04,1755132,1597853726.63,2.9,-0.36,-0.03,0.9
2024-01-19,000001,8.2,8.21,8.24,8.14,963981,881865023.89,1.21,-0.36,-0.03,0.5
2024-01-22,000001,8.2,8.14,8.3,8.08,1580320,1449858241.68,2.68,-0.85,-0.07,0.81
2024-01-23,000001,8.09,8.2,8.22,8.0,1135545,1030898421.04,2.7,0.74,0.06,0.59
2024-01-24,000001,8.27,8.37,8.38,8.11,1759123,1620099272.06,3.29,2.07,0.17,0.91
2024-01-25,000001,8.37,8.54,8.58,8.31,2162514,2037648413.07,3.23,2.03,0.17,1.11
2024-01-26,000001,8.51,8.66,8.71,8.48,2272287,2172799799.01,2.69,1.41,0.12,1.17
2024-01-29,000001,8.73,8.74,8.92,8.62,2376252,2312173346.33,3.46,0.92,0.08,1.22
2024-01-30,000001,8.65,8.54,8.74,8.53,1579122,1515156603.96,2.4,-2.29,-0.2,0.81
2024-01-31,000001,8.5,8.5,8.6,8.42,1357217,1286857396.81,2.11,-0.47,-0.04,0.7
2024-02-01,000001,8.45,8.45,8.52,8.38,1055260,993481907.01,1.65,-0.59,-0.05,0.54
2024-02-02,000001,8.46,8.31,8.51,8.11,1634214,1520605694.69,4.73,-1.66,-0.14,0.84
2024-02-05,000001,8.23,8.42,8.47,8.15,1803592,1674566499.46,3.85,1.32,0.11,0.93
2024-02-06,000001,8.34,8.72,8.72,8.33,1995410,1900324218.2,4.63,3.56,0.3,1.03
2024-02-07,000001,8.66,8.65,8.71,8.52,2062015,1975435102.12,2.18,-0.8,-0.07,1.06
2024-02-08,000001,8.62,8.71,8.71,8.56,1656814,1593505690.13,1.73,0.69,0.06,0.85
2024-02-19,000001,8.8,8.85,8.85,8.69,1605243,1564088444.93,1.84,1.61,0.14,0.83
2024-02-20,000001,8.83,8.86,8.88,8.77,1123564,1098987813.26,1.24,0.11,0.01,0.58
2024-02-21,000001,8.82,9.84,9.84,8.81,5055285,5295259396.81,11.63,11.06,0.98,2.61
2024-02-22,000001,9.69,9.94,9.95,9.66,4922325,5307736374.06,2.95,1.02,0.1,2.54
2024-02-23,000001,9.92,9.89,10.28,9.88,3567480,3917316281.52,4.02,-0.5,-0.05,1.84
2024-02-26,000001,9.82,9.57,9.92,9.54,2862609,3048205024.78,3.84,-3.24,-0.32,1.48
2024-02-27,000001,9.53,9.54,9.64,9.5,1981905,2083027074.06,1.46,-0.31,-0.03,1.02
2024-02-28,000001,9.55,9.53,9.74,9.44,3082693,3253340358.41,3.14,-0.1,-0.01,1.59
2024-02-29,000001,9.46,9.63,9.63,9.45,1845344,1936020982.56,1.89,1.05,0.1,0.95
2024-03-01,000001,9.63,9.53,9.64,9.47,1828103,1917689306.77,1.77,-1.04,-0.1,0.94
2024-03-04,000001,9.49,9.37,9.54,9.36,1655930,1719562862.03,1.89,-1.68,-0.16,0.85
2024-03-05,000001,9.34,9.47,9.51,9.3,1817319,1889144330.16,2.24,1.07,0.1,0.94
2024-03-06,000001,9.44,9.37,9.49,9.37,1345640,1396940060.42,1.27,-1.06,-0.1,0.69
2024-03-07,000001,9.37,9.42,9.68,9.37,2016166,2109589237.19,3.31,0.53,0.05,1.04
2024-03-08,000001,9.39,9.42,9.48,9.34,1113974,1154491251.23,1.49,0.0,0.0,0.57
2024-03-11,000001,9.42,9.51,9.51,9.38,1210673,1260212019.66,1.38,0.96,0.09,0.62
2024-03-12,000001,9.52,9.6,9.63,9.45,1641262,1721999708.11,1.89,0.95,0.09,0.85
2024-03-13,000001,9.57,9.37,9.59,9.34,1768039,1834654994.4,2.6,-2.4,-0.23,0.91
2024-03-14,000001,9.34,9.27,9.42,9.24,1409400,1448499697.91,1.92,-1.07,-0.1,0.73
2024-03-15,000001,9.59,9.64,9.79,9.54,3750208,3973799130.9,2.7,3.99,0.37,1.93
2024-03-18,000001,9.6,9.58,9.65,9.53,1671397,1761249149.98,1.24,-0.62,-0.06,0.86
2024-03-19,000001,9.57,9.44,9.58,9.43,1293216,1351069630.23,1.57,-1.46,-0.14,0.67
2024-03-20,000001,9.42,9.49,9.51,9.41,872663,910278572.98,1.06,0.53,0.05,0.45
2024-03-21,000001,9.49,9.51,9.56,9.46,864466,905422293.67,1.05,0.21,0.02,0.45
2024-03-22,000001,9.49,9.4,9.49,9.35,1028142,1065535606.11,1.47,-1.16,-0.11,0.53
2024-03-25,000001,9.39,9.44,9.53,9.36,953202,993304120.45,1.81,0.43,0.04,0.49
2024-03-26,000001,9.49,9.64,9.7,9.46,1740021,1835376190.72,2.54,2.12,0.2,0.9
2024-03-27,000001,9.6,9.57,9.67,9.55,1274136,1347397150.36,1.24,-0.73,-0.07,0.66
2024-03-28,000001,9.55,9.53,9.61,9.42,1302189,1362980388.48,1.99,-0.42,-0.04,0.67
2024-03-29,000001,9.49,9.56,9.61,9.47,872759,917332315.96,1.47,0.31,0.03,0.45
2024-04-01,000001,9.56,9.68,9.69,9.55,1191088,1261770380.39,1.46,1.26,0.12,0.61
2024-04-02,000001,9.67,9.59,9.72,9.57,1085458,1149700799.95,1.55,-0.93,-0.09,0.56
2024-04-03,000001,9.57,9.5,9.59,9.46,981846,1028648883.43,1.36,-0.94,-0.09,0.51
2024-04-08,000001,9.46,9.47,9.53,9.41,906361,945290441.32,1.26,-0.32,-0.03,0.47
2024-04-09,000001,9.47,9.44,9.51,9.4,857157,891468991.01,1.16,-0.32,-0.03,0.44
2024-04-10,000001,9.42,9.32,9.45,9.31,1246391,1288696196.29,1.48,-1.27,-0.12,0.64
2024-04-11,000001,9.28,9.29,9.33,9.16,1010213,1030820137.39,1.82,-0.32,-0.03,0.52
2024-04-12,000001,9.26,9.1,9.31,9.08,1305454,1322011753.93,2.48,-2.05,-0.19,0.67
2024-04-15,000001,9.11,9.33,9.36,9.1,1453203,1486326196.01,2.86,2.53,0.23,0.75
2024-04-16,000001,9.32,9.32,9.43,9.26,1478036,1523138499.07,1.82,-0.11,-0.01,0.76
2024-04-17,000001,9.3,9.66,9.67,9.25,2232641,2337576586.88,4.51,3.65,0.34,1.15
2024-04-18,000001,9.62,9.84,10.07,9.6,3165914,3427338981.81,4.87,1.86,0.18,1.63
2024-04-19,000001,9.75,9.73,9.86,9.7,1457675,1562376146.58,1.63,-1.12,-0.11,0.75
2024-04-22,000001,9.68,9.54,9.85,9.49,2009818,2125722741.41,3.7,-1.95,-0.19,1.04
2024-04-23,000001,9.55,9.58,9.69,9.5,1240027,1308866093.13,1.99,0.42,0.04,0.64
2024-04-24,000001,9.56,9.57,9.61,9.5,941568,989093538.21,1.15,-0.1,-0.01,0.49
2024-04-25,000001,9.54,9.65,9.66,9.52,1113812,1176304524.86,1.46,0.84,0.08,0.57
2024-04-26,000001,9.63,9.64,9.71,9.52,1607628,1698581436.96,1.97,-0.1,-0.01,0.83
2024-04-29,000001,9.6,9.85,9.94,9.56,2169177,2337350883.73,3.94,2.18,0.21,1.12
2024-04-30,000001,9.84,9.83,9.92,9.77,1324557,1431407709.37,1.52,-0.2,-0.02,0.68
2024-05-06,000001,10.0,9.93,10.15,9.88,1784101,1953817493.43,2.75,1.02,0.1,0.92
2024-05-07,000001,9.91,9.92,9.93,9.8,1087057,1176786412.82,1.31,-0.1,-0.01,0.56
2024-05-08,000001,9.88,9.77,9.92,9.75,1221791,1318611999.65,1.71,-1.51,-0.15,0.63
2024-05-09,000001,9.75,9.8,9.86,9.75,1069461,1150726857.51,1.13,0.31,0.03,0.55
2024-05-10,000001,9.81,9.98,10.0,9.8,1767836,1923452176.84,2.04,1.84,0.18,0.91
2024-05-13,000001,9.94,10.01,10.05,9.85,1402499,1530058919.54,2.0,0.3,0.03,0.72
2024-05-14,000001,10.04,9.95,10.1,9.92,1075784,1176577328.23,1.8,-0.6,-0.06,0.55
2024-05-15,000001,9.94,9.87,9.96,9.85,868297,942907950.5,1.11,-0.8,-0.08,0.45
2024-05-16,000001,9.89,10.21,10.25,9.87,3076292,3410151917.15,3.85,3.44,0.34,1.59
2024-05-17,000001,10.22,10.46,10.46,10.17,2841749,3200736554.36,2.84,2.45,0.25,1.46
2024-05-20,000001,10.47,10.42,10.57,10.35,2170210,2475290152.11,2.1,-0.38,-0.04,1.12
2024-05-21,000001,10.36,10.59,10.66,10.35,2030049,2336192874.97,2.98,1.63,0.17,1.05
2024-05-22,000001,10.6,10.6,10.78,10.5,2115531,2458448969.66,2.64,0.09,0.01,1.09
2024-05-23,000001,10.57,10.44,10.63,10.41,1841623,2110799281.76,2.08,-1.51,-0.16,0.95
2024-05-24,000001,10.41,10.35,10.53,10.34,1398276,1593330336.42,1.82,-0.86,-0.09,0.72
2024-05-27,000001,10.35,10.55,10.57,10.35,1454361,1663272117.57,2.13,1.93,0.2,0.75
2024-05-28,000001,10.54,10.44,10.62,10.4,1204323,1377107203.91,2.09,-1.04,-0.11,0.62
2024-05-29,000001,10.42,10.3,10.49,10.27,1444811,1635445613.13,2.11,-1.34,-0.14,0.74
2024-05-30,000001,10.28,10.16,10.38,10.1,1325496,1481608711.02,2.72,-1.36,-0.14,0.68
2024-05-31,000001,10.18,10.15,10.23,10.15,826707,921248145.59,0.79,-0.1,-0.01,0.43
2024-06-03,000001,10.16,10.02,10.17,9.95,1326697,1456086023.62,2.17,-1.28,-0.13,0.68
2024-06-04,000001,9.99,10.06,10.09,9.95,981005,1079356560.61,1.4,0.4,0.04,0.51
2024-06-05,000001,10.08,9.91,10.11,9.91,1018968,1114155998.81,1.99,-1.49,-0.15,0.53
2024-06-06,000001,9.94,9.94,10.02,9.92,1049332,1145989425.79,1.01,0.3,0.03,0.54
2024-06-07,000001,9.96,10.03,10.05,9.93,1170126,1281662985.8,1.21,0.91,0.09,0.6
2024-06-11,000001,10.02,9.91,10.06,9.83,1337629,1452841956.89,2.29,-1.2,-0.12,0.69
2024-06-12,000001,9.89,9.92,9.95,9.82,957426,1037927497.39,1.31,0.1,0.01,0.49
2024-06-13,000001,9.93,9.84,9.97,9.84,1203508,1304403407.05,1.31,-0.81,-0.08,0.62
2024-06-14,000001,9.9,9.93,9.98,9.74,1637990,1657433954.94,2.44,0.91,0.09,0.84
2024-06-17,000001,9.88,9.85,9.91,9.83,681217,688669914.12,0.81,-0.81,-0.08,0.35
2024-06-18,000001,9.86,9.83,9.91,9.79,700653,707829471.51,1.22,-0.2,-0.02,0.36
2024-06-19,000001,9.85,9.9,9.96,9.83,796184,807676192.22,1.32,0.71,0.07,0.41
2024-06-20,000001,9.91,9.8,9.92,9.8,629628,635070262.4,1.21,-1.01,-0.1,0.32
2024-06-21,000001,9.8,9.75,9.84,9.7,830545,831176895.42,1.43,-0.51,-0.05,0.43
2024-06-24,000001,9.72,9.73,9.82,9.63,947082,944907465.65,1.95,-0.21,-0.02,0.49
2024-06-25,000001,9.74,9.83,9.88,9.73,769993,775332071.89,1.54,1.03,0.1,0.4
2024-06-26,000001,9.81,9.83,9.88,9.77,628599,633763882.09,1.12,0.0,0.0,0.32
2024-06-27,000001,9.81,9.88,9.96,9.75,928882,938954397.5,2.14,0.51,0.05,0.48
2024-06-28,000001,9.85,9.9,10.01,9.84,918090,933947813.42,1.72,0.2,0.02,0.47
2024-07-01,000001,9.84,10.1,10.1,9.79,1343051,1372549619.58,3.13,2.02,0.2,0.69
2024-07-02,000001,10.05,10.15,10.23,10.03,1384386,1440864390.61,1.98,0.5,0.05,0.71
2024-07-03,000001,10.15,10.06,10.18,10.04,713067,737326421.16,1.38,-0.89,-0.09,0.37
2024-07-04,000001,10.05,10.01,10.13,10.0,735044,757464386.79,1.29,-0.5,-0.05,0.38
2024-07-05,000001,10.01,9.72,10.04,9.67,1713354,1721256576.49,3.7,-2.9,-0.29,0.88
2024-07-08,000001,9.69,9.68,9.77,9.6,868660,864791776.33,1.75,-0.41,-0.04,0.45
2024-07-09,000001,9.69,9.82,9.85,9.66,1032485,1034316510.76,1.96,1.45,0.14,0.53
2024-07-10,000001,9.82,9.89,9.95,9.8,873865,886626727.3,1.53,0.71,0.07,0.45
2024-07-11,000001,9.96,9.88,9.98,9.82,721392,731789332.33,1.62,-0.1,-0.01,0.37
2024-07-12,000001,9.87,10.06,10.06,9.87,1214164,1246877665.6,1.92,1.82,0.18,0.63
2024-07-15,000001,10.06,10.08,10.1,10.01,869412,896975833.16,0.89,0.2,0.02,0.45
2024-07-16,000001,10.08,10.05,10.12,9.99,943008,971564894.83,1.29,-0.3,-0.03,0.49
2024-07-17,000001,10.05,10.15,10.17,10.03,1220168,1266412580.0,1.39,1.0,0.1,0.63
2024-07-18,000001,10.13,10.16,10.18,10.05,1087061,1127365070.67,1.28,0.1,0.01,0.56
2024-07-19,000001,10.13,10.12,10.17,10.04,898723,929722661.62,1.28,-0.39,-0.04,0.46
2024-07-22,000001,10.11,9.98,10.13,9.94,994481,1018663805.8,1.88,-1.38,-0.14,0.51
2024-07-23,000001,10.0,9.93,10.08,9.91,1020154,1046994471.4,1.7,-0.5,-0.05,0.53
2024-07-24,000001,9.93,9.88,9.99,9.87,724518,736332832.11,1.21,-0.5,-0.05,0.37
2024-07-25,000001,9.87,9.84,9.9,9.75,856404,861750365.54,1.52,-0.4,-0.04,0.44
2024-07-26,000001,9.85,9.78,9.87,9.72,929552,931879546.46,1.52,-0.61,-0.06,0.48
2024-07-29,000001,9.77,9.86,9.89,9.72,781552,788019058.61,1.74,0.82,0.08,0.4
2024-07-30,000001,9.85,9.83,9.88,9.78,613268,618056610.32,1.01,-0.3,-0.03,0.32
2024-07-31,000001,9.83,10.02,10.03,9.82,1096906,1117768674.7,2.14,1.93,0.19,0.57
2024-08-01,000001,10.0,10.02,10.07,9.92,733884,752688220.0,1.5,0.0,0.0,0.38
2024-08-02,000001,9.97,9.89,10.0,9.88,590229,601173370.84,1.2,-1.3,-0.13,0.3
2024-08-05,000001,9.86,9.8,9.97,9.8,758979,768980624.53,1.72,-0.91,-0.09,0.39
2024-08-06,000001,9.82,9.68,9.87,9.64,1265537,1261997756.88,2.35,-1.22,-0.12,0.65
2024-08-07,000001,9.7,9.68,9.73,9.66,517608,514848813.1,0.72,0.0,0.0,0.27
2024-08-08,000001,9.67,9.69,9.73,9.65,500411,497548149.01,0.83,0.1,0.01,0.26
2024-08-09,000001,9.71,9.79,9.85,9.69,730274,732886455.92,1.65,1.03,0.1,0.38
2024-08-12,000001,9.77,9.76,9.8,9.73,353013,353251351.4,0.72,-0.31,-0.03,0.18
2024-08-13,000001,9.77,9.7,9.78,9.67,622077,620061491.92,1.13,-0.61,-0.06,0.32
2024-08-14,000001,9.69,9.67,9.73,9.66,436380,433380446.81,0.72,-0.31,-0.03,0.22
2024-08-15,000001,9.67,9.78,9.81,9.62,776247,775851460.98,1.96,1.14,0.11,0.4
2024-08-16,000001,9.83,9.88,9.96,9.8,1260368,1277042000.97,1.64,1.02,0.1,0.65
2024-08-19,000001,9.88,10.04,10.05,9.87,1482985,1520594687.55,1.82,1.62,0.16,0.76
2024-08-20,000001,10.07,10.09,10.18,10.03,1569187,1623147686.36,1.49,0.5,0.05,0.81
2024-08-21,000001,10.05,10.1,10.13,9.96,1034888,1068207868.15,1.68,0.1,0.01,0.53
2024-08-22,000001,10.09,10.13,10.2,10.07,1109030,1153871815.8,1.29,0.3,0.03,0.57
2024-08-23,000001,10.14,10.22,10.25,10.07,1071906,1117475768.18,1.78,0.89,0.09,0.55
2024-08-26,000001,10.25,10.24,10.3,10.17,740675,775921848.78,1.27,0.2,0.02,0.38
2024-08-27,000001,10.22,10.18,10.27,10.12,723137,755583764.04,1.46,-0.59,-0.06,0.37
2024-08-28,000001,10.16,10.08,10.18,10.03,942548,973872155.01,1.47,-0.98,-0.1,0.49
2024-08-29,000001,10.06,9.88,10.13,9.86,1197676,1221351092.13,2.68,-1.98,-0.2,0.62
2024-08-30,000001,9.86,9.91,10.01,9.86,1294059,1318858687.52,1.52,0.3,0.03,0.67
2024-09-02,000001,9.87,9.86,9.96,9.84,968836,983898750.95,1.21,-0.5,-0.05,0.5
2024-09-03,000001,9.86,9.83,9.88,9.75,916581,920884663.15,1.32,-0.3,-0.03,0.47
2024-09-04,000001,9.8,9.77,9.9,9.75,847992,852224669.89,1.53,-0.61,-0.06,0.44
2024-09-05,000001,9.78,9.82,9.83,9.73,594209,595845842.53,1.02,0.51,0.05,0.31
2024-09-06,000001,9.81,9.83,9.96,9.8,878865,891507833.61,1.63,0.1,0.01,0.45
2024-09-09,000001,9.8,9.6,9.82,9.59,1639175,1624857668.46,2.34,-2.34,-0.23,0.84
2024-09-10,000001,9.61,9.65,9.67,9.53,767901,756124763.92,1.46,0.52,0.05,0.4
2024-09-11,000001,9.63,9.4,9.63,9.38,1108727,1078602467.68,2.59,-2.59,-0.25,0.57
2024-09-12,000001,9.4,9.49,9.52,9.36,581834,564923215.58,1.7,0.96,0.09,0.3
2024-09-13,000001,9.48,9.45,9.57,9.45,566462,553269703.6,1.26,-0.42,-0.04,0.29
2024-09-18,000001,9.47,9.52,9.53,9.41,443611,431665627.32,1.27,0.74,0.07,0.23
2024-09-19,000001,9.54,9.56,9.59,9.43,684293,669341181.7,1.68,0.42,0.04,0.35
2024-09-20,000001,9.56,9.65,9.65,9.53,797297,785121198.91,1.26,0.94,0.09,0.41
2024-09-23,000001,9.64,9.79,9.84,9.62,896908,897428029.52,2.28,1.45,0.14,0.46
2024-09-24,000001,9.86,10.12,10.12,9.83,1638213,1678174481.91,2.96,3.37,0.33,0.84
2024-09-25,000001,10.27,10.25,10.45,10.2,2160694,2285995369.39,2.47,1.28,0.13,1.11
2024-09-26,000001,10.25,10.9,10.9,10.25,3086457,3341759455.52,6.34,6.34,0.65,1.59
2024-09-27,000001,11.1,11.17,11.31,10.78,3840016,4337985142.5,4.86,2.48,0.27,1.98
2024-09-30,000001,11.37,11.96,12.05,11.31,5430284,6467438837.7,6.62,7.07,0.79,2.8
2024-10-08,000001,13.18,12.63,13.18,12.09,5888978,7602664023.92,9.11,5.6,0.67,3.03
2024-10-09,000001,12.38,11.43,12.38,11.41,4269345,5172049702.23,7.68,-9.5,-1.2,2.2
2024-10-10,000001,11.62,11.98,12.26,11.6,3426422,4095573500.64,5.77,4.81,0.55,1.77
2024-10-11,000001,12.0,11.72,12.17,11.58,2070891,2455848197.41,4.92,-2.17,-0.26,1.07
2024-10-14,000001,11.98,12.02,12.18,11.79,2400595,2881934271.85,3.33,2.56,0.3,1.24
2024-10-15,000001,11.94,11.9,12.23,11.88,2072841,2500974426.85,2.91,-1.0,-0.12,1.07
2024-10-16,000001,11.8,12.06,12.18,11.77,1914494,2301340929.27,3.45,1.34,0.16,0.99
2024-10-17,000001,12.07,11.95,12.23,11.93,1653708,1993261646.25,2.49,-0.91,-0.11,0.85
2024-10-18,000001,11.91,12.04,12.18,11.68,2604654,3105820972.95,4.18,0.75,0.09,1.34
2024-10-21,000001,11.94,11.81,11.94,11.63,2806655,3302020181.42,2.57,-1.91,-0.23,1.45
2024-10-22,000001,11.76,11.79,11.93,11.72,1617787,1908438724.93,1.78,-0.17,-0.02,0.83
2024-10-23,000001,11.82,11.86,11.89,11.75,1511866,1787236762.42,1.19,0.59,0.07,0.78
2024-10-24,000001,11.81,11.75,11.86,11.72,885299,1042818619.09,1.18,-0.93,-0.11,0.46
2024-10-25,000001,11.77,11.71,11.78,11.69,1105755,1296844369.04,0.77,-0.34,-0.04,0.57
2024-10-28,000001,11.68,11.64,11.68,11.53,1169487,1356008963.4,1.28,-0.6,-0.07,0.6
2024-10-29,000001,11.62,11.54,11.74,11.53,1198025,1391150258.93,1.8,-0.86,-0.1,0.62
2024-10-30,000001,11.5,11.32,11.58,11.27,1482403,1686501657.86,2.69,-1.91,-0.22,0.76
2024-10-31,000001,11.33,11.38,11.44,11.24,1250205,1419624319.27,1.77,0.53,0.06,0.64
2024-11-01,000001,11.38,11.43,11.55,11.34,1589811,1821423447.06,1.85,0.44,0.05,0.82
2024-11-04,000001,11.43,11.46,11.46,11.26,1131516,1285874126.16,1.75,0.26,0.03,0.58
2024-11-05,000001,11.42,11.65,11.66,11.39,1665418,1925260700.35,2.36,1.66,0.19,0.86
2024-11-06,000001,11.62,11.55,11.64,11.47,1462286,1689977500.77,1.46,-0.86,-0.1,0.75
2024-11-07,000001,11.5,11.91,11.93,11.48,2242844,2627007560.71,3.9,3.12,0.36,1.16
2024-11-08,000001,11.94,11.72,12.01,11.7,1895104,2239060533.97,2.6,-1.6,-0.19,0.98
2024-11-11,000001,11.63,11.6,11.68,11.47,1486952,1717961561.94,1.79,-1.02,-0.12,0.77
2024-11-12,000001,11.58,11.54,11.84,11.51,1717663,2005791407.67,2.84,-0.52,-0.06,0.89
2024-11-13,000001,11.5,11.61,11.7,11.48,1086263,1260161857.32,1.91,0.61,0.07,0.56
2024-11-14,000001,11.59,11.54,11.7,11.53,1159783,1348378228.97,1.46,-0.6,-0.07,0.6
2024-11-15,000001,11.5,11.44,11.61,11.42,1215784,1399308729.48,1.65,-0.87,-0.1,0.63
2024-11-18,000001,11.63,11.75,12.04,11.62,3797324,4493249093.24,3.67,2.71,0.31,1.96
2024-11-19,000001,11.75,11.68,11.96,11.55,2430037,2849661696.39,3.49,-0.6,-0.07,1.25
2024-11-20,000001,11.67,11.64,11.75,11.61,1286572,1498818033.91,1.2,-0.34,-0.04,0.66
2024-11-21,000001,11.62,11.59,11.65,11.56,883408,1023998431.68,0.77,-0.43,-0.05,0.46
2024-11-22,000001,11.59,11.28,11.61,11.28,1625317,1858071592.39,2.85,-2.67,-0.31,0.84
2024-11-25,000001,11.28,11.18,11.34,11.14,1166020,1310130629.11,1.77,-0.89,-0.1,0.6
2024-11-26,000001,11.18,11.27,11.31,11.14,831078,933733854.73,1.52,0.81,0.09,0.43
2024-11-27,000001,11.24,11.39,11.39,11.15,895178,1010001963.81,2.13,1.06,0.12,0.46
2024-11-28,000001,11.39,11.34,11.42,11.32,733169,833121339.08,0.88,-0.44,-0.05,0.38
2024-11-29,000001,11.37,11.38,11.46,11.34,1028488,1173316153.6,1.06,0.35,0.04,0.53
2024-12-02,000001,11.39,11.39,11.4,11.31,975434,1108785597.4,0.79,0.09,0.01,0.5
2024-12-03,000001,11.37,11.49,11.5,11.35,1082559,1236992678.1,1.32,0.88,0.1,0.56
2024-12-04,000001,11.44,11.46,11.53,11.37,1007471,1154623369.68,1.39,-0.26,-0.03,0.52
2024-12-05,000001,11.44,11.44,11.5,11.41,687109,786137963.74,0.79,-0.17,-0.02,0.35
2024-12-06,000001,11.44,11.66,11.7,11.43,1726269,2004270465.79,2.36,1.92,0.22,0.89
2024-12-09,000001,11.63,11.67,11.72,11.59,964063,1123441854.9,1.11,0.09,0.01,0.5
2024-12-10,000001,11.9,11.79,11.95,11.75,2167807,2564600676.79,1.71,1.03,0.12,1.12
2024-12-11,000001,11.79,11.73,11.83,11.72,967691,1138374174.98,0.93,-0.51,-0.06,0.5
2024-12-12,000001,11.73,11.85,11.87,11.71,986235,1164062448.23,1.36,1.02,0.12,0.51
2024-12-13,000001,11.79,11.56,11.8,11.56,1343793,1565589089.36,2.03,-2.45,-0.29,0.69
2024-12-16,000001,11.56,11.57,11.66,11.53,805718,934226189.29,1.12,0.09,0.01,0.42
2024-12-17,000001,11.57,11.53,11.65,11.52,802120,929225455.3,1.12,-0.35,-0.04,0.41
2024-12-18,000001,11.58,11.65,11.74,11.57,1016590,1186285805.48,1.47,1.04,0.12,0.52
2024-12-19,000001,11.59,11.59,11.64,11.54,697379,808465663.92,0.86,-0.52,-0.06,0.36
2024-12-20,000001,11.59,11.62,11.7,11.58,714646,831437460.3,1.04,0.26,0.03,0.37
2024-12-23,000001,11.64,11.73,11.84,11.64,1659405,1953519499.07,1.72,0.95,0.11,0.86
2024-12-24,000001,11.72,11.86,11.87,11.72,1350837,1595698790.02,1.28,1.11,0.13,0.7
2024-12-25,000001,11.86,11.92,12.02,11.84,1475283,1759956630.34,1.52,0.51,0.06,0.76
2024-12-26,000001,11.92,11.86,11.93,11.78,1000075,1183745518.53,1.26,-0.5,-0.06,0.52
2024-12-27,000001,11.87,11.83,11.9,11.66,1290012,1518383345.11,2.02,-0.25,-0.03,0.66
2024-12-30,000001,11.78,11.95,11.97,11.78,1351846,1610892096.25,1.61,1.01,0.12,0.7
2024-12-31,000001,11.93,11.7,11.99,11.7,1475367,1747242074.23,2.43,-2.09,-0.25,0.76
2025-01-02,000001,11.73,11.43,11.77,11.39,1819597,2102923078.11,3.25,-2.31,-0.27,0.94
2025-01-03,000001,11.44,11.38,11.54,11.36,1154680,1320520977.59,1.57,-0.44,-0.05,0.6
2025-01-06,000001,11.38,11.44,11.48,11.22,1085536,1234305778.04,2.28,0.53,0.06,0.56
2025-01-07,000001,11.42,11.51,11.53,11.37,747863,858329048.54,1.4,0.61,0.07,0.39
2025-01-08,000001,11.5,11.5,11.63,11.4,1062386,1223598996.56,2.0,-0.09,-0.01,0.55
2025-01-09,000001,11.5,11.4,11.5,11.35,751483,857836086.08,1.3,-0.87,-0.1,0.39
2025-01-10,000001,11.4,11.3,11.46,11.28,798134,905005040.97,1.58,-0.88,-0.1,0.41
2025-01-13,000001,11.25,11.2,11.26,11.08,934966,1044904415.84,1.59,-0.88,-0.1,0.48
2025-01-14,000001,11.2,11.38,11.4,11.19,824629,934467766.39,1.88,1.61,0.18,0.42
2025-01-15,000001,11.38,11.48,11.58,11.36,1031631,1185403653.43,1.93,0.88,0.1,0.53
2025-01-16,000001,11.55,11.57,11.59,11.47,872964,1007689273.66,1.05,0.78,0.09,0.45
2025-01-17,000001,11.53,11.45,11.55,11.42,689765,791230418.64,1.12,-1.04,-0.12,0.36
2025-01-20,000001,11.5,11.42,11.52,11.4,832029,953092179.17,1.05,-0.26,-0.03,0.43
2025-01-21,000001,11.45,11.33,11.45,11.32,902069,1024879174.22,1.14,-0.79,-0.09,0.46
2025-01-22,000001,11.32,11.09,11.33,11.08,1347129,1504818607.18,2.21,-2.12,-0.24,0.69
2025-01-23,000001,11.17,11.32,11.4,11.17,1514920,1715172472.47,2.07,2.07,0.23,0.78
2025-01-24,000001,11.32,11.34,11.39,11.22,944944,1069899088.28,1.5,0.18,0.02,0.49
2025-01-27,000001,11.38,11.47,11.55,11.38,1151935,1324270606.55,1.5,1.15,0.13,0.59
2025-02-05,000001,11.5,11.37,11.52,11.33,843434,961193578.9,1.66,-0.87,-0.1,0.43
2025-02-06,000001,11.35,11.36,11.45,11.3,955603,1084793176.26,1.32,-0.09,-0.01,0.49
2025-02-07,000001,11.36,11.38,11.45,11.31,1407493,1601621979.76,1.23,0.18,0.02,0.73
2025-02-10,000001,11.38,11.43,11.5,11.36,1026591,1174044624.14,1.23,0.44,0.05,0.53
2025-02-11,000001,11.4,11.42,11.47,11.37,844520,963865614.95,0.87,-0.09,-0.01,0.44
2025-02-12,000001,11.41,11.42,11.43,11.34,988807,1125323632.69,0.79,0.0,0.0,0.51
2025-02-13,000001,11.42,11.5,11.55,11.4,1358639,1560709510.83,1.31,0.7,0.08,0.7
2025-02-14,000001,11.49,11.55,11.55,11.43,973058,1118355996.56,1.04,0.43,0.05,0.5
2025-02-17,000001,11.6,11.78,11.8,11.55,2061965,2413146066.57,2.16,1.99,0.23,1.06
2025-02-18,000001,11.76,11.81,11.96,11.76,1996610,2371071466.89,1.7,0.25,0.03,1.03
2025-02-19,000001,11.8,11.71,11.81,11.68,1177749,1382467174.27,1.1,-0.85,-0.1,0.61
2025-02-20,000001,11.71,11.66,11.76,11.65,784396,917231443.37,0.94,-0.43,-0.05,0.4
2025-02-21,000001,11.69,11.64,11.71,11.55,973969,1131033823.93,1.37,-0.17,-0.02,0.5
2025-02-24,000001,11.63,11.59,11.69,11.56,949956,1103548964.32,1.12,-0.43,-0.05,0.49
2025-02-25,000001,11.56,11.47,11.58,11.46,917156,1055685157.06,1.04,-1.04,-0.12,0.47
2025-02-26,000001,11.47,11.52,11.6,11.47,841646,970641211.48,1.13,0.44,0.05,0.43
2025-02-27,000001,11.53,11.62,11.63,11.46,977310,1130386662.02,1.48,0.87,0.1,0.5
2025-02-28,000001,11.58,11.53,11.68,11.5,949088,1100335054.08,1.55,-0.77,-0.09,0.49
2025-03-03,000001,11.52,11.51,11.56,11.45,830457,955266366.31,0.95,-0.17,-0.02,0.43
2025-03-04,000001,11.47,11.51,11.55,11.44,683179,785447989.45,0.96,0.0,0.0,0.35
2025-03-05,000001,11.52,11.66,11.67,11.48,1080645,1254892073.93,1.65,1.3,0.15,0.56
2025-03-06,000001,11.69,11.63,11.7,11.6,877408,1021780609.28,0.86,-0.26,-0.03,0.45
2025-03-07,000001,11.63,11.67,11.69,11.6,835537,973236689.8,0.77,0.34,0.04,0.43
2025-03-10,000001,11.66,11.59,11.67,11.55,663834,769261385.33,1.03,-0.69,-0.08,0.34
2025-03-11,000001,11.54,11.61,11.61,11.52,608975,704240463.95,0.78,0.17,0.02,0.31
2025-03-12,000001,11.6,11.85,11.87,11.56,1877318,2210904482.32,2.67,2.07,0.24,0.97
2025-03-13,000001,11.81,11.84,11.91,11.78,1312371,1555123173.93,1.1,-0.08,-0.01,0.68
2025-03-14,000001,11.82,11.97,12.0,11.82,1722418,2057970454.4,1.52,1.1,0.13,0.89
2025-03-17,000001,11.63,11.5,11.67,11.46,4603612,5315522816.99,1.75,-3.93,-0.47,2.37
2025-03-18,000001,11.52,11.49,11.54,11.48,1605290,1846500421.28,0.52,-0.09,-0.01,0.83
2025-03-19,000001,11.48,11.52,11.53,11.46,1362455,1566452160.69,0.61,0.26,0.03,0.7
2025-03-20,000001,11.51,11.49,11.61,11.49,1101157,1268849139.57,1.04,-0.26,-0.03,0.57
2025-03-21,000001,11.49,11.42,11.52,11.39,1376389,1576151833.21,1.13,-0.61,-0.07,0.71
2025-03-24,000001,11.41,11.38,11.44,11.34,1164577,1325564001.84,0.88,-0.35,-0.04,0.6
2025-03-25,000001,11.38,11.43,11.43,11.36,735609,839142044.46,0.62,0.44,0.05,0.38
2025-03-26,000001,11.42,11.38,11.43,11.37,740863,843536936.19,0.52,-0.44,-0.05,0.38
2025-03-27,000001,11.37,11.39,11.41,11.35,553349,629863382.77,0.53,0.09,0.01,0.29
2025-03-28,000001,11.39,11.35,11.4,11.34,644946,732420873.55,0.53,-0.35,-0.04,0.33
2025-03-31,000001,11.36,11.26,11.38,11.26,1116126,1262598263.31,1.06,-0.79,-0.09,0.58
2025-04-01,000001,11.27,11.27,11.3,11.22,681470,767424131.4,0.71,0.09,0.01,0.35
2025-04-02,000001,11.25,11.37,11.41,11.25,932642,1058747240.7,1.42,0.89,0.1,0.48
2025-04-03,000001,11.31,11.34,11.39,11.3,643914,730375807.93,0.79,-0.26,-0.03,0.33
2025-04-07,000001,11.0,10.7,11.05,10.48,2545560,2751055412.06,5.03,-5.64,-0.64,1.31
2025-04-08,000001,10.68,10.82,10.85,10.66,1463988,1576590039.86,1.78,1.12,0.12,0.75
2025-04-09,000001,10.73,10.8,10.83,10.66,1064394,1145238957.67,1.57,-0.18,-0.02,0.55
2025-04-10,000001,10.86,10.9,10.93,10.82,866548,943352301.94,1.02,0.93,0.1,0.45
2025-04-11,000001,10.87,10.89,10.9,10.83,583879,634311779.86,0.64,-0.09,-0.01,0.3
2025-04-14,000001,10.95,10.93,11.04,10.92,785993,862557143.66,1.1,0.37,0.04,0.41
2025-04-15,000001,10.92,10.95,10.97,10.9,722754,790139077.1,0.64,0.18,0.02,0.37
2025-04-16,000001,10.93,11.0,11.01,10.91,842822,923316062.54,0.91,0.46,0.05,0.43
2025-04-17,000001,10.95,11.06,11.08,10.93,823919,907597513.1,1.36,0.55,0.06,0.42
2025-04-18,000001,11.04,11.18,11.19,11.03,727098,810031605.1,1.45,1.08,0.12,0.37
2025-04-21,000001,11.0,11.02,11.13,10.97,1114184,1230804536.03,1.43,-1.43,-0.16,0.57
2025-04-22,000001,11.02,11.04,11.06,10.98,831129,915967678.28,0.73,0.18,0.02,0.43
2025-04-23,000001,11.04,11.01,11.05,10.97,586383,645842400.13,0.72,-0.27,-0.03,0.3
2025-04-24,000001,11.0,11.03,11.06,10.99,689256,760348555.36,0.64,0.18,0.02,0.36
