,mean,std,min,max
0,-0.025714358697795515,0.9811947180779855,-3.0758377048961085,4.530862703784397
1,-0.025950482163382523,0.980588199395769,-3.0175564700455655,4.081382100074256
2,-0.025317812452722927,0.9814931435951536,-3.0517350210223597,4.417588443285652
3,-0.02604555359879383,0.9804070386312829,-3.0317569525051176,3.83378638117081
4,-0.011030450188870845,0.9889474405212137,-1.6270643480686757,14.26026570154804
5,-0.014881163142497048,0.9891053341338829,-1.571111153944578,14.379148064853226
6,-0.02347825555433801,0.9818872461656578,-3.0758377048961085,4.530862703784397
7,-0.023379371864829444,0.9812635336195852,-3.0175564700455655,4.081382100074256
8,-0.023116721395832762,0.982193298381458,-3.0517350210223597,4.417588443285652
9,-0.023518846556919142,0.981158553038759,-3.0317569525051176,3.83378638117081
10,-0.012359078673130635,0.987209172623966,-1.6270643480686757,14.26026570154804
11,-0.015625726993264324,0.988174218680648,-1.571111153944578,14.379148064853226
12,-0.020913172315088574,0.9825679619417144,-3.0758377048961085,4.530862703784397
13,-0.02081429610466687,0.9817705179523459,-3.0175564700455655,4.081382100074256
14,-0.02074858443248212,0.9827523707626744,-3.0517350210223597,4.417588443285652
15,-0.02083168998841629,0.9818101441305266,-3.0317569525051176,3.83378638117081
16,-0.013371761369720705,0.9868695238022739,-1.6270643480686757,14.26026570154804
17,-0.016118618648987924,0.9880861944918563,-1.571111153944578,14.379148064853226
18,-0.0183259787229233,0.9830224245068152,-3.021896663040676,4.530862703784397
19,-0.018541589086542784,0.9822965882433974,-3.0175564700455655,4.081382100074256
20,-0.018441433601997716,0.9832585679652608,-3.0517350210223597,4.417588443285652
21,-0.0182530983281816,0.9822884168944029,-3.0317569525051176,3.83378638117081
22,-0.013757762332174215,0.9866675683512932,-1.6270643480686757,14.26026570154804
23,-0.016019972416023463,0.9881822322836299,-1.571111153944578,14.379148064853226
24,-0.01603300320872395,0.9835868151749312,-3.021896663040676,4.530862703784397
25,-0.016326531398309335,0.9828330361512541,-3.0175564700455655,4.081382100074256
26,-0.016257239614971664,0.9837593693703448,-3.0517350210223597,4.417588443285652
27,-0.015884929743461833,0.9828409606863855,-3.0317569525051176,3.83378638117081
28,-0.01402019252389716,0.986652750573972,-1.6270643480686757,14.26026570154804
29,-0.01589099643991527,0.9883794371301826,-1.571111153944578,14.379148064853226
30,-0.013860883992520296,0.9841424630814195,-3.021896663040676,4.530862703784397
31,-0.01424875249424316,0.9835025224389574,-3.0175564700455655,4.081382100074256
32,-0.014242175988707419,0.9843339954843957,-3.0517350210223597,4.417588443285652
33,-0.01355102130456655,0.9835209731376893,-3.0317569525051176,3.83378638117081
34,-0.015298473027766244,0.9858765952293856,-1.6270643480686757,14.26026570154804
35,-0.016776166579617623,0.9875692904276168,-1.571111153944578,14.379148064853226
36,-0.011858690611856298,0.9847683911422884,-3.021896663040676,4.530862703784397
37,-0.012163923888486439,0.9842517111324299,-3.0175564700455655,4.081382100074256
38,-0.012253418313052995,0.9850114402979344,-3.0517350210223597,4.417588443285652
39,-0.011448886115792449,0.9842420779903199,-3.0317569525051176,3.83378638117081
40,-0.015353753879619712,0.9859298232955966,-1.6270643480686757,14.26026570154804
41,-0.01657761598490543,0.9873959225565744,-1.571111153944578,14.379148064853226
42,-0.0100650601728721,0.9851523873010232,-3.021896663040676,4.530862703784397
43,-0.01048390467434381,0.9845750809557058,-3.0175564700455655,4.081382100074256
44,-0.010425686658259244,0.9854444401041825,-3.0517350210223597,4.417588443285652
45,-0.009900370409788745,0.9844902475979003,-3.0317569525051176,3.83378638117081
46,-0.011271508490870682,0.9922164970196912,-1.6270643480686757,14.26026570154804
47,-0.012548553841291818,0.9933686286897062,-1.571111153944578,14.379148064853226
48,-0.008313507930578598,0.9854718451964609,-3.021896663040676,4.530862703784397
49,-0.008537186020595595,0.9850323088599054,-3.0175564700455655,4.081382100074256
50,-0.00854784753513932,0.9858542571342513,-3.0517350210223597,4.417588443285652
51,-0.008119671013416884,0.9848300224303325,-3.0317569525051176,3.83378638117081
52,-0.0076257254063507645,0.9966495200350566,-1.6270643480686757,14.26026570154804
53,-0.008906961128890556,0.9976828696370118,-1.571111153944578,14.379148064853226
54,-0.006357786009223558,0.9858430729196831,-3.021896663040676,4.530862703784397
55,-0.006603763143334712,0.9856090305128048,-3.0175564700455655,4.081382100074256
56,-0.006636265453054108,0.9863954119933371,-3.0517350210223597,4.417588443285652
57,-0.006168252576755121,0.9851903323943999,-3.0317569525051176,3.83378638117081
58,-0.005351158284616092,0.9992574675047016,-1.6270643480686757,14.26026570154804
59,-0.0064546745839080336,1.0004901238395054,-1.571111153944578,14.379148064853226
60,-0.004271133695286126,0.9864719495549845,-3.021896663040676,4.530862703784397
61,-0.004672801074372523,0.9862420049932547,-3.0175564700455655,4.081382100074256
62,-0.004781918492109894,0.9870391447185699,-3.0517350210223597,4.417588443285652
63,-0.00415081450013962,0.985788987909932,-3.0317569525051176,3.83378638117081
64,-0.0045661776301240825,0.9997205069280152,-1.6270643480686757,14.26026570154804
65,-0.005391845285855872,1.001200284343439,-1.571111153944578,14.379148064853226
66,-0.0022981124164724834,0.9871066938852394,-3.021896663040676,4.530862703784397
67,-0.0026716511358545244,0.9869386564980736,-3.0175564700455655,4.081382100074256
68,-0.0028330698858368823,0.9877177553770192,-3.0517350210223597,4.417588443285652
69,-0.0021735847009299067,0.9864595049276724,-3.0317569525051176,3.83378638117081
70,-0.003533231179338646,0.9999477827869323,-1.6270643480686757,14.26026570154804
71,-0.0041478593860756205,1.0015510555933798,-1.571111153944578,14.379148064853226
72,-0.0003048406079152293,0.9878573550189603,-3.021896663040676,4.530862703784397
73,-0.0007153944825531926,0.9876830824700717,-3.0175564700455655,4.081382100074256
74,-0.0008940172767240097,0.9884291234372786,-3.0517350210223597,4.417588443285652
75,-0.00013261370662018268,0.9872016013002809,-3.0317569525051176,3.83378638117081
76,-0.00278925878983972,0.9999098192411283,-1.6270643480686757,14.26026570154804
77,-0.0031460650275063795,1.0017984363600148,-1.571111153944578,14.379148064853226
78,0.0015856588974576477,0.988649847528886,-3.021896663040676,4.530862703784397
79,0.0013027883558659455,0.9885512755338148,-3.0175564700455655,4.081382100074256
80,0.0009623767212567893,0.9892111801164004,-3.0517350210223597,4.417588443285652
81,0.0018682248368561722,0.9880594285245481,-3.0317569525051176,3.83378638117081
82,-0.0022111766605607463,1.0004225465773473,-1.6270643480686757,14.26026570154804
83,-0.0023822260583851677,1.0020533626185901,-1.571111153944578,14.379148064853226
84,0.0035820202955545288,0.9895613088996521,-3.021896663040676,4.530862703784397
85,0.00327839707456161,0.9895676715883969,-3.0175564700455655,4.081382100074256
86,0.0028823397272440513,0.9901277521541886,-3.0517350210223597,4.417588443285652
87,0.00385838849105651,0.9890008606459642,-3.0317569525051176,3.83378638117081
88,-0.0012738291967168073,1.0005502363856775,-1.6270643480686757,14.26026570154804
89,-0.0012290471061749727,1.0023662635145583,-1.571111153944578,14.379148064853226
90,0.005484515335676746,0.9905559782981703,-3.021896663040676,4.530862703784397
91,0.005287131740176135,0.990556450241303,-3.0175564700455655,4.081382100074256
92,0.004798026704747025,0.9910409080264525,-3.0517350210223597,4.417588443285652
93,0.00588754348899535,0.9900294586289949,-3.0317569525051176,3.83378638117081
94,-0.0010279364163965222,1.0003564755846355,-1.6270643480686757,14.26026570154804
95,-0.0007571126926119049,1.0022772521577747,-1.571111153944578,14.379148064853226
96,0.00758415507623756,0.9914945111490001,-3.021896663040676,4.530862703784397
97,0.007337789139808624,0.9915888936017533,-3.0175564700455655,4.081382100074256
98,0.006816881804475351,0.9919760328313474,-3.0517350210223597,4.417588443285652
99,0.008017305106483314,0.9910497488800251,-3.0317569525051176,3.83378638117081
100,-0.001110902316753371,1.0001610558103742,-1.6270643480686757,14.26026570154804
101,-0.0006006080819008033,1.0020741417885553,-1.571111153944578,14.379148064853226
102,0.009579867809961317,0.9925413212709189,-3.021896663040676,4.530862703784397
103,0.00918886983424825,0.9926348034384875,-3.065503925178511,4.081382100074256
104,0.00868830551504851,0.9930558795731924,-3.0648249402177306,4.417588443285652
105,0.010021582154227122,0.9921506550496696,-3.034737966773649,3.83378638117081
106,-0.001546582738914407,0.9998501407458934,-1.6270643480686757,14.26026570154804
107,-0.0007695279593800642,1.0018211508747192,-1.571111153944578,14.379148064853226
108,0.011412517272183152,0.9935824059000464,-3.0963873758122533,4.530862703784397
109,0.011141056384238379,0.9936934101892276,-3.0858169376440943,4.081382100074256
110,0.010565751871008652,0.9940765455976384,-3.101396907538502,4.417588443285652
111,0.012010665262993209,0.9932669975685776,-3.034737966773649,3.83378638117081
112,-0.0015349182986292395,0.999695137618524,-1.6270643480686757,14.26026570154804
113,-0.0005198022420266791,1.0017306633272955,-1.571111153944578,14.379148064853226
114,0.01342359344431318,0.9946777314003006,-3.0963873758122533,4.530862703784397
115,0.013312143889515746,0.9946648289104955,-3.0858169376440943,4.081382100074256
116,0.012538086243761168,0.9950702035316893,-3.101396907538502,4.417588443285652
117,0.014180537996197218,0.9943477187138752,-3.034737966773649,3.83378638117081
118,-0.0013604855921527676,1.0000117801457087,-1.6270643480686757,14.26026570154804
119,-0.00011705402579048992,1.0019596728729376,-1.571111153944578,14.379148064853226
120,3287924963.675098,12757573313.504545,0.0,126802040000.0
121,1124746813.8229182,6451613356.95813,0.0,68660637000.0
122,17658133625.90347,77196552927.06741,0.0,614816000000.0
123,193912526.84608212,1976012053.601348,0.0,24398000000.0
124,50059135.039130434,591514808.4336369,0.0,8300139584.25
125,398913156.7766605,4718545485.593016,0.0,80473000000.0
126,4773627628.0379715,23507779786.866554,0.0,244420000000.0
127,3955715971.7956448,19335383595.03302,0.0,190081000000.0
128,23536439.59779068,309087915.13508075,0.0,4968000000.0
129,1965783.8833026483,22911384.90647303,0.0,269000000.0
130,31144088969.736275,173970296701.21307,0.0,2243617000000.0
131,5437539123.632329,21605786878.829945,0.0,172768000000.0
132,75825682248.18121,259847126314.10645,0.0,2377074000000.0
133,4276557895.654,32501887675.712322,0.0,377013234433.29
134,513687575.08052343,5779434369.785446,0.0,93409051948.47
135,78216733.67646934,745148474.5181819,0.0,10712763561.82
136,673028627.4367332,8052779055.154329,0.0,112847031227.92
137,6130437.90409347,70718990.02331221,0.0,1063310199.28
138,81424164650.8993,507911561675.0529,0.0,4388945000000.0
139,192701762214.9837,1180756553698.9197,0.0,9905633000000.0
140,140805189.96092764,773831898.4808627,-3081169000.0,7167000000.0
141,-2008044.1863758673,24438023.379566003,-415000000.0,0.0
142,1797852934.823991,7918555694.3622,0.0,86890000000.0
143,3706585.4694802435,49382390.23233039,0.0,842000000.0
144,3995749388.4151025,17209810552.771366,-1113515233.5,131046000000.0
145,49281038670.57603,240807893249.94107,0.0,1896064000000.0
146,894969450.9276307,7472521155.04629,0.0,110246000000.0
147,7429089441.552188,35237260484.21995,0.0,338117000000.0
148,51954178503.753006,258243912412.805,0.0,3182196000000.0
149,17336267729.618076,81785240656.21469,0.0,1038128000000.0
150,1988605088.202804,14454807567.133427,0.0,254957000000.0
151,2631942429.230987,19357655822.14889,0.0,331695000000.0
152,114154165.76095283,1045055689.907019,0.0,13579715094.96
153,717104224.9760994,5601801366.493998,-6023331456.68,70409000000.0
154,186813476.61804277,1182420967.4748683,-6035000000.0,12220000000.0
155,7480200.743010905,9770738.807100305,0.0,20250423.0
156,3637752022.093188,17850271562.27706,0.0,134614000000.0
157,3917677949.298966,37086294785.01557,0.0,551186000000.0
158,123900545921.00269,598987415323.577,0.0,5850442000000.0
159,115217504.60274749,1344230841.964,0.0,16622000000.0
160,9764838010.40547,49142420720.07212,0.0,500000000000.0
161,-1448121.882197989,14308497.540154466,-166000000.0,0.0
162,237727448.78577936,2233945107.7446785,0.0,36299000000.0
163,569656069.876788,3804818053.660016,0.0,47433000000.0
164,1043310114.6960328,5747241504.1254635,0.0,69733000000.0
165,54353780875.93172,300850952853.2254,0.0,3186937000000.0
166,-25898622.102827646,646122269.8101168,-12813000000.0,4584000000.0
167,2375545014.31485,15426633866.739792,-685000000.0,240577000000.0
168,3530265936.0532875,17972173360.940037,0.0,148069538000.0
169,4529752471.9497385,18845516335.874374,0.0,157496850000.0
170,786782074.3741632,6317808279.426526,0.0,78980657000.0
171,1128530337.2773597,7132876005.078379,0.0,84006906000.0
172,300417152.8607353,1051056774.6923429,0.0,14051650000.0
173,14528389198.05325,65448616110.17538,0.0,580000000000.0
174,29769324091.349205,293218407916.7438,0.0,3430164000000.0
175,273736329.5240926,2473289916.6366677,-3898956551.0,43442000000.0
176,2441851911.7358003,13541858409.51301,0.0,131896403000.0
177,2759004957.768155,14085674351.534025,0.0,159538911000.0
178,1481154352.550762,9931651174.589136,-61662000000.0,95268000000.0
179,22833426277.648476,113303859136.2959,0.0,1121910000000.0
180,12475316832.658264,64166335918.14036,0.0,693942000000.0
181,31823370.491900582,347178616.41781896,-22843432.08,7177000000.0
182,1387437615.5891693,14464072810.289305,0.0,203581000000.0
183,613620985.2977997,5282862786.464266,0.0,67761233000.0
184,5844992006.916041,31999500500.566723,0.0,359646254000.0
185,1462483552.17105,14732022470.928473,0.0,219777000000.0
186,1907775.1026766747,20213586.69255214,0.0,352000000.0
187,49193523.26865883,1077168289.4216821,-6911000000.0,12626000000.0
188,11760612896.898457,61198644121.50445,0.0,637405000000.0
189,11855108813.718395,36169692651.07693,-2458787488.86,366946000000.0
190,-0.013667807606951618,0.6879128517960201,-3.399309344307309,5.858458830921138
191,175532139.35703158,1183857426.6126022,0.0,12767000000.0
192,261184664.13582718,890583624.9844427,0.0,7651734000.0
193,67341509.70117547,331448725.14080644,0.0,2793000000.0
194,978032671.85951,5059778954.237174,0.0,54881000000.0
195,199074452.36194277,1620694095.8665915,0.0,23762000000.0
196,518854000.62314117,3046891991.9414644,0.0,36006000000.0
197,122509587.87707123,1105290419.534195,0.0,14466000000.0
198,5407573489.704008,27307844802.27537,0.0,218157000000.0
199,27227814.846118964,147521154.71345806,-39000000.0,2066000000.0
200,23446616695.6805,117313790809.0099,0.0,949968000000.0
201,868095648.3784167,6991721159.986594,0.0,84862000000.0
202,4611188.216966435,51642734.05579729,0.0,606000000.0
203,368215436.9069537,3323951794.4679856,0.0,36618000000.0
204,3130410198.59755,10317430276.815512,0.0,97571000000.0
205,3503316672.001133,19568857743.293144,0.0,210474000000.0
206,6325151.241338622,73720196.76877853,0.0,865540560.37
207,30983340.398350943,246175160.83792722,0.0,2191331709.82
208,15908128.838945474,152777808.51988253,0.0,2357067525.0
209,15224534175.02156,77483341545.31621,0.0,790543000000.0
210,27043125054.414436,138441681005.2898,0.0,1427948000000.0
211,418876899.4402597,1632371473.8197243,-1028394.24,21791488000.0
212,13999978201.152212,42064234081.10618,-2467810573.67,421827000000.0
213,44306471531.39782,220550983969.10037,0.0,1912067000000.0
214,36685351.34924515,225502484.80553144,0.0,3356000000.0
215,169861266.1096162,1979748069.7623012,0.0,23244000000.0
216,345730548.0810084,4344321668.418942,0.0,74541000000.0
217,1766764175.5286632,13079843403.054892,0.0,156749000000.0
218,32535877482.73586,151446601455.1944,0.0,1647326000000.0
219,776363426885.6617,3766890340607.999,0.0,28372229000000.0
220,778698876344.0306,3662535361791.3477,0.0,27613781000000.0
221,71095787970.72975,316080123804.29645,0.0,3603148000000.0
222,12208826625.12392,112956345282.47548,0.0,1384372000000.0
223,11235748500.11172,43077332176.452286,0.0,493551819000.0
224,184815706.70937997,791637792.0348788,-9608508.09,7700000000.0
225,8591035319.21451,38371473189.55094,0.0,387378000000.0
226,51784643631.6669,255819789329.51923,0.0,2277930000000.0
227,50326657234.44271,249293503624.04883,0.0,2188745000000.0
228,54775499660.60923,439603727026.43604,0.0,4984795000000.0
229,3582845562.3187656,38622245023.887,0.0,499313968000.0
230,7373387249.964594,76782120299.76352,0.0,1055393000000.0
231,145617763618.38266,677789558578.3732,0.0,6225319000000.0
232,3456483982.438748,40482476781.319466,0.0,543214000000.0
233,26904874883.104378,133521633560.65373,0.0,1138041000000.0
234,6082245.177736864,71564684.573529,0.0,1043059000.0
235,996635258.122079,7767645112.717026,0.0,65819993000.0
236,25819039484.492283,300943783767.85944,0.0,3579500000000.0
237,129806991.20587085,1578284398.8978815,0.0,23537809237.19
238,665424415.8051268,4576758890.95901,0.0,49996000000.0
239,596326273.9669771,3295142275.6271434,0.0,38252000000.0
240,7650158189.774819,55947518501.89458,0.0,618121000000.0
241,1628879543.8102837,5786319620.495559,0.0,44193000000.0
242,51556650.54247784,663432518.9807912,0.0,10118427449.73
243,524540196.04291177,3692994805.9461036,0.0,36133428470.0
244,33757510579.871067,92863568707.87764,0.0,724761000000.0
245,33256079489.93734,91571195352.11,0.0,714494000000.0
246,225305292.65705198,1203801535.0790062,0.0,10976000000.0
247,64514358971.14416,218570804773.699,0.0,2294576000000.0
248,24532301540.000015,84491760084.92313,0.0,714494000000.0
249,9051121813.325012,41299606873.41127,0.0,300511000000.0
250,480906.29018949147,2654026.162954394,0.0,19955090.33
251,3555340770.5051055,12531016399.598934,0.0,88275170000.0
252,3530688277.3222814,13377256900.44106,0.0,97516000000.0
253,1.1203625208893924,4.425983680325867,-1.74,68.64
254,34831157.05990653,443000821.52539825,0.0,7712000000.0
255,2382861736.1348324,10497219128.63789,0.0,99529000000.0
256,39590258.18419487,479548456.7730956,0.0,5848259687.0
257,255005117.77368644,1619107254.9838529,0.0,19193000000.0
258,5113743.698511259,58652475.33151948,0.0,688559442.93
259,59818590.88152415,423039613.083556,-1409268.89,8416117000.0
260,1690921.965727234,21955477.176830262,0.0,409000000.0
261,19724316.66902705,284811660.1166426,0.0,5951000000.0
262,699107.7751026767,9263054.643642789,0.0,168000000.0
263,4815870.475070953,28575818.930935007,0.0,290909000.0
264,632022.4516357457,7655554.80638081,0.0,93362145.0
265,2045800.8780625975,30325281.30627141,0.0,613000000.0
266,62890648.26284436,732613891.4018812,-2097000000.0,9516000000.0
267,64900994.36495254,656203659.1178355,0.0,10505938039.64
268,160318134.33883244,1258791174.5685544,0.0,21229453000.0
269,63488655.99773403,819036593.4365181,0.0,13246000000.0
270,114669062.55601473,646211716.3257949,0.0,10087835000.0
271,162814927.06415522,1433098010.4744856,0.0,16404000000.0
272,170102421.75329274,1982558760.1039875,0.0,23277000000.0
273,1331016875.5217109,9288705447.418837,-4585245646.29,126221000000.0
274,4620922588.868432,54429512232.0687,0.0,797211000000.0
275,767844225.0106217,7538182979.006811,0.0,84789000000.0
276,18997867447.557003,96720376529.04263,0.0,1009255000000.0
277,11349377086.064936,70003055417.94405,0.0,826416526000.0
278,3017665741.396403,25408624285.637108,0.0,280954000000.0
279,5565990313.406203,35818643766.506996,0.0,465338000000.0
280,168580785.48721144,1453757591.3866415,0.0,14820546829.0
281,396965730.6338043,3729845033.349082,0.0,49163883092.58
282,12427028154.595667,104976401081.3453,0.0,1521252000000.0
283,906024373026.6251,4523347800577.894,0.0,35035080000000.0
284,971695114.0065147,12769300655.656982,0.0,249592000000.0
285,54983293868.80543,295821709049.3276,-3654295366.51,3097695000000.0
286,49514554508.683914,262601949421.1977,-2050708000.0,2287948000000.0
287,2842521790.044691,24374513583.30894,0.0,266597397073.76
288,-12303328.140490016,168519760.36912102,-3479000000.0,0.0
289,189902091.79416853,841931391.9223373,-752455175.0,11097000000.0
290,44888287.77793514,339512733.4483122,-5000000.0,4519000000.0
291,226565234.78347144,1301430497.131973,-1372479807.0,16550262000.0
292,9816076503.360104,42816589129.72677,0.0,376112000000.0
293,139518257.63664666,1087911090.188825,0.0,12777000000.0
294,3917677949.298966,37086294785.01557,0.0,551186000000.0
295,6509875517.85802,54563086197.4381,0.0,621723000000.0
296,1494336.3316244157,19277085.133404978,0.0,361483735.0
297,2384197255.1912327,7661734069.853173,0.0,63615160000.0
298,176987712.38401473,1584891474.8836017,0.0,23770000000.0
299,84371089330.97021,356901986246.7167,0.0,2678509000000.0
300,8680724117.411804,79441526535.56151,0.0,998246000000.0
301,6061227.8762214985,80505997.67021722,0.0,1078260119.0
302,769696.2955989236,5301832.481364958,0.0,58610968.47
303,48561421.89491574,567595407.8695508,0.0,7293000000.0
304,3408727231.270358,16997942196.39899,0.0,160312000000.0
305,77597479.11060756,506733855.1041082,0.0,5632000000.0
306,91980540.69967368,1010689483.4647137,0.0,15884621772.43
307,462342874.3410794,4194802009.9414015,0.0,47491065343.0
308,1830719332.6598237,7179106430.468712,0.0,79844165000.0
309,19802560416.98596,83319426598.14835,0.0,936579183000.0
310,4025180671.474579,10914570292.093605,0.0,87803000000.0
311,553154234.8996845,2951246585.853395,0.0,40738000000.0
312,18026870361.08297,80521384407.86557,0.0,922345026000.0
313,973836045.6814901,7925114111.825357,0.0,77599056398.0
314,8070709.146600764,73266081.6084648,0.0,963946976.47
315,888821321.0930105,4426008986.1139145,0.0,53309701000.0
316,280275771.32287294,1195399633.63234,0.0,12118681244.14
317,7777879705.999503,30643621690.05581,0.0,362593671000.0
318,8802269.382744653,94452950.63494612,0.0,1752914510.72
319,7774237038.553419,30364209349.389915,0.0,360442216000.0
320,142720560.38196546,690620194.3680878,0.0,7049547886.88
321,-15784666.51183713,178573832.72622848,-1942000000.0,1172523000.0
322,442278385.0916751,2130038836.4071815,-1377174300.0,20955000000.0
323,598805544.8749398,5980973293.249921,-46874000000.0,61293000000.0
324,3935409565.577637,12057975479.066975,-2378911751.33,138373000000.0
325,11804968846.955963,39213234795.09781,-2410664821.33,418252000000.0
326,7457696664.049058,33942169199.660175,0.0,365863000000.0
327,11943293979.756405,85825717530.22496,0.0,931208000000.0
328,39461921764.586174,126480803260.56581,0.0,1390316000000.0
329,105929132723.07039,502202085749.4043,0.0,3969841000000.0
330,967762263.2123641,3485983686.641722,-32317420.15,39863000000.0
331,44897007581.284966,140515696500.0831,0.0,1394806000000.0
332,14808542694.260809,114622953172.6869,0.0,1304712000000.0
333,178878212.595576,1728409412.328394,0.0,26081624664.11
334,226200.25492139923,3048285.19365296,0.0,56000000.0
335,2447993302.9882455,11301378476.48953,0.0,109397000000.0
336,386094403.7112737,1753831517.0745935,0.0,16780000000.0
337,2859421162.0711203,13019515003.751097,0.0,126177000000.0
338,43467509.10635887,511006239.4915229,0.0,7627000000.0
339,2609460038.2850595,18244890382.231285,0.0,159644836000.0
340,4182504086.537754,16097248353.399614,0.0,197985757000.0
341,172302366836.95288,757057703400.7432,0.0,6739427000000.0
342,2179089372.854571,7499590601.1209345,-6971000000.0,83613000000.0
343,-31623618981.33753,183703281413.90558,-2243537000000.0,265649000000.0
344,150675163730.0038,615097176702.5807,0.0,5079115000000.0
345,182298782711.51413,759252483808.2593,0.0,6765726000000.0
346,22873337292.813477,89957380075.69412,0.0,590250000000.0
347,291955785.29953265,3778769321.7986574,0.0,63194000000.0
348,-155755856.3525849,2563449790.458367,-39500086107.87,9119000000.0
349,2048181763.886135,9358134330.67941,0.0,58530000000.0
350,35203824781.90647,131687404376.14314,0.0,916838000000.0
351,1738211451.7207193,9634469410.60918,0.0,114406000000.0
352,6787316902.50161,17950662019.887337,-2458787488.86,146733000000.0
353,988715571.7886984,6373766211.640986,-121000000.0,76258000000.0
354,1183854.9780484352,13797934.404641746,0.0,162000000.0
355,842168907.0669876,7182081728.741973,0.0,113612000000.0
356,1100042.4868998725,13768851.350931242,0.0,277000000.0
357,992903636.8107554,4061605161.370138,0.0,65216717718.08
358,8434983349.755672,37262077386.159355,0.0,309043000000.0
359,49994108.48321767,473098315.12109274,0.0,6099000000.0
360,14385010522.42205,68566028860.73655,0.0,695904000000.0
361,3095753717.603739,29765990845.26807,0.0,454777000000.0
362,120379.54963886135,1403683.2899462366,0.0,17000000.0
363,1480440630.20452,9300728709.112356,0.0,109277000000.0
364,68731256.19600624,663481915.2949756,0.0,8260000000.0
365,2356102594.9470553,9542765402.088383,0.0,112070798000.0
366,931504754.199122,8705668892.39653,0.0,132990000000.0
367,6014556734.586159,17616076624.168644,0.0,167586000000.0
368,7769694677.797295,20793439920.81495,0.0,155953000000.0
369,759198595.2378179,8417835307.656809,0.0,98770000000.0
370,367138354.84685904,1871986703.1966646,0.0,20203186178.8
371,7349079169.324458,37388511291.05308,0.0,561964000000.0
372,1522354430.8738139,15026630460.332916,0.0,238033000000.0
373,7061551508.2849455,65620512696.57063,0.0,948969000000.0
374,1340806004.2069793,7918082952.105064,0.0,92886000000.0
375,81325251.38082425,951262100.2081423,0.0,16058000000.0
376,1995804387.7271128,8574099397.524409,0.0,100360862000.0
377,175621524.96813482,1898253318.1292715,0.0,31241000000.0
378,454371421.2431018,1521767349.1423292,0.0,12073925000.0
379,520237.9266392862,6902250.699717515,0.0,107000000.0
380,25377302722.973946,120060957769.46231,0.0,1254859000000.0
381,2753186753.0944624,19348367581.514664,0.0,341482000000.0
382,2989007349.9953694,10880546503.70253,0.0,112907842000.0
383,137129861170.7663,578052859372.5836,0.0,4792733000000.0
384,1542654563.2629938,10920880510.34986,0.0,92154000000.0
385,1924088542.6993344,14430197239.868559,0.0,247677000000.0
386,4781850308.811679,12151342860.983011,0.0,68588396650.0
387,93868196728.81836,387956516963.49854,0.0,2755732000000.0
388,3995268761.214141,35527761551.4731,0.0,421778756897.93994
389,86998714670.60687,372839121674.86206,0.0,3994583000000.0
390,79503658839.49893,252921459472.19708,-4945505162.04,2058961000000.0
391,0.6464191477749994,1.2181707243964446,0.0,7.174573716527347
392,-4369438.298365104,58068452.9724309,-852472209.72,161000000.0
393,13867865.741396403,157177023.62831023,0.0,1845000000.0
394,4845653.110197989,87393096.67531158,-235668000.0,1823000000.0
395,8659799.948830478,106219026.00741255,0.0,1521000000.0
396,5875078.7846384365,82668923.49903636,0.0,1466000000.0
397,9477439.456167681,160100706.89540225,-912000000.0,2452000000.0
398,189666119.76391447,1487587091.3137226,0.0,14894442000.0
399,12484894.913460983,174105358.11926344,-5451583.0,3427890922.57
400,47162888.57725676,1077956190.0449553,-6911000000.0,12626000000.0
401,-29671177.461887825,946222430.3766093,-9157000000.0,11263000000.0
402,40622284339.30409,166975387332.56384,0.0,1833380548000.0
403,49115291421.81328,207518188247.93167,0.0,2363732011000.0
404,85681027573.65813,456459028087.4571,0.0,3948559000000.0
405,274734740.1217958,3255537856.2736697,-1427000000.0,63630000000.0
406,-3148948036.609285,87170998338.84198,-934400000000.0,1238851000000.0
407,-7867209.452745505,108557166.14139287,-1280000000.0,462673500.0
408,-514890.6387197281,8230720.379768753,-186000000.0,2715000.0
409,47665626769.158676,226007790987.46024,0.0,2512725000000.0
410,42571169234.34892,167137552006.805,0.0,1846612000000.0
411,27526607075.77064,235161578183.58896,0.0,2689033000000.0
412,28472437472.02001,250933995374.061,0.0,3925614000000.0
413,96769017.78332728,876968494.9257667,0.0,10637247610.85
414,14669721814.266851,56806376012.56858,0.0,464365000000.0
415,5135646635.233262,17632403441.96298,0.0,170029107000.0
416,1311124631.625689,4735416880.984001,0.0,53194745000.0
417,1462464658.6965768,5987604659.720791,0.0,62222000000.0
418,1.1193501883585895,4.426070299528559,-1.74,68.64
419,6305103127.891124,49403471125.44624,-198668000000.0,415683000000.0
420,84917567443.96121,327315006417.4155,0.0,3743148000000.0
421,78612614719.69563,294232797739.4517,0.0,3517520000000.0
422,1316807227.9496338,4747553619.551088,0.0,56937000000.0
423,24981059464.662144,132763019067.23466,0.0,1569815000000.0
424,-13367478.16363914,155787957.47496486,-1829089887.46,0.0
425,22474128720.403175,144608099384.3698,-452630000000.0,1874980000000.0
426,159031347438.58936,561321376004.138,0.0,5109492000000.0
427,136557218718.18617,457815549513.1958,0.0,3799527000000.0
428,834007427.5771168,5470780243.009178,0.0,61608887612.51
429,12443723895.175453,39999998219.45667,-2490540558.86,418135000000.0
430,8980759946.324883,49395767610.27253,0.0,356407000000.0
431,14020393721.626186,42005040601.89995,-2443938017.31,420885000000.0
432,78483480.58926299,359060685.310883,0.0,4441573675.43
433,48610160.69577878,278684688.7741481,0.0,4016679835.2
434,35030779833.74774,149584132439.79553,0.0,2089616807000.0
435,39850823541.81476,160328428614.488,0.0,2187147839000.0
436,29973823672.94106,136953504254.5562,0.0,1971580906000.0
437,14476184356.51701,68760202428.15463,0.0,857276000000.0
438,63297702758.02198,186040041507.6022,0.0,2187147839000.0
439,764147033.8569548,2502895959.982391,0.0,26926161474.99
440,-0.0025758400633672826,0.6535700094698224,-0.8422203510351535,4.728004246792859
441,1499153408.5533736,12734012464.693352,0.0,138331661925.36
442,73560701.2622399,629354428.5966067,0.0,6564982312.0
443,139355062.39689758,1741124315.9878607,-4318387414.05,21211195567.94
444,4259285783.090214,19805377675.956444,0.0,197795000000.0
445,4701683591.389321,22186582582.272564,0.0,222361000000.0
446,885284280.9831268,6413364098.601346,0.0,74937000000.0
447,816591965.3014627,5960051459.380097,0.0,68698000000.0
448,29940742.76920238,285927841.19211185,0.0,4159191856.95
449,1466647315754.0508,6495221695469.357,0.0,48821746000000.0
450,1400358188924.8545,5970596045521.489,0.0,44834480000000.0
451,100861298141.06693,340885222788.3749,0.0,3273640618000.0
452,126944557.82206431,1513500330.1048133,-4131918000.0,19462089000.0
453,25342121131.365814,78558046994.779,0.0,695047000000.0
454,27346702290.63834,133849975054.59251,0.0,2014843055000.0
455,1061266.1096162016,14250092.346746596,0.0,241000000.0
456,2993534568.037201,12503472980.768488,0.0,155979000000.0
457,889845922.643263,4446626200.858307,0.0,42175000000.0
458,3700170882.3112874,23051935021.618706,0.0,208242000000.0
459,441811896.3319643,5116744748.643166,0.0,60075000000.0
460,20133369.656402208,140962588.15743992,-126527000.0,2223744647.29
461,1567508613895.118,6481377299929.946,0.0,48821746000000.0
462,0.12549987677141747,0.22948628691523582,0.0,0.7791290475461075
463,14953781182.530325,42405432213.81966,-302177000000.0,173424000000.0
464,3239652513.8082423,30470548574.148556,0.0,449102000000.0
465,734195052.2842301,3037055774.7822757,0.0,34106848840.27
466,1244005896.3201215,5035608226.609579,0.0,50819000000.0
467,5727595356.542613,22196644197.375378,0.0,162172000000.0
468,132828451.85433735,1257051180.033828,0.0,14323000000.0
469,-6000648.1240492845,66887892.05071768,-889000000.0,21022000.0
470,906536.4608959071,12565196.495284112,-4373256.36,183677300.0
471,707520464.5234386,6569154157.6277485,0.0,93913000000.0
472,515811783.0335646,6361836499.827665,0.0,104048000000.0
473,1223332247.5570033,12552187049.492298,0.0,197961000000.0
474,40225442881.47374,160449423832.60422,0.0,2239163754000.0
475,1652644387.591902,6046320099.890963,0.0,55481759969.62
476,10993337661.112888,50237563249.10931,0.0,526728324000.0
477,51198503.36626484,330194721.6805517,0.0,3009289294.41
478,358650955.0086438,2076557135.697968,0.0,18955000000.0
479,96355195.4675873,575986051.8697513,0.0,7037000000.0
480,4083870990.7145033,23434876130.10602,0.0,210176000000.0
481,239343715.19184223,861568821.2100843,0.0,5504000000.0
482,7948706323.841399,28117272219.26185,0.0,253714000000.0
483,499772606.77668345,2029161235.4277375,0.0,23847636000.0
484,15342006221.913921,63041250991.09241,0.0,659884594000.0
485,51746006720.689705,167488127910.11224,0.0,1521566000000.0
486,698286404.2176137,3090925330.6875887,0.0,43922925000.0
487,144980399.3768588,1379893097.2227898,0.0,19426000000.0
488,467085825.9498924,5740473020.990203,0.0,79920000000.0
489,34246181.928905256,307122613.0942621,0.0,3547165000.0
490,834482250.6859872,4076199505.947489,0.0,36154000000.0
491,558317006.2525829,5044171442.181642,0.0,73507580000.0
492,141288946.6358411,1000696836.9721018,-3898956551.0,14242000000.0
493,457881616.08991647,6071064716.213009,-54014000000.0,56080000000.0
494,0.02343010904970967,1.5336246608299364,-21.31,21.23
495,5203078.34476703,320549412.2002546,-11812900864.0,21656276992.0
496,-0.2238235377425294,2.4660380861887266,-27.96,25.5
497,-64019910.59427843,1262649284.1163623,-83751456768.0,22398328832.0
498,-0.04996467141596038,0.7007360760669374,-2.000122918050518,2.0000970619255143
499,-0.07821300099136101,1.5520864299478931,-22.86,27.95
500,-31392127.432063445,548429682.9205564,-33816014848.0,6494949376.0
501,0.2003908794788274,1.8148615395553087,-16.08,24.74
502,58816832.14201955,1026177359.075667,-10585423872.0,62095179776.0
503,-64019910.70177029,1262649293.5970042,-83751456768.0,22398332928.0
504,59.98544568757967,517.86507250683,0.0,8264.98
505,-4.937119809266381e-19,0.34980318985525466,-6.4129323533511435,5.609888897165044
506,0.007574847755275455,0.7053512246027303,-14.65,20.0
507,-61830915.07649342,947996257.4322888,-38868425932.8,1481708851.2
508,0.10207879484018847,38.07291939032564,-4564.052852115721,4235.614173220204
509,-0.14560118963319643,1.9537375615154424,-28.07,22.89
510,-32627783.162214983,747327353.5249866,-49935441920.0,19442454528.0
